time,device,data
2023-02-14T21:58:51.490314,adeef670-4bcd-11eb-b767-3f1a8f1211ba,93.0
2023-02-14T22:07:53.212193,adeef670-4bcd-11eb-b767-3f1a8f1211ba,93.0
2023-02-14T22:17:32.598695,adeef670-4bcd-11eb-b767-3f1a8f1211ba,92.0
2023-02-14T22:27:02.152129,adeef670-4bcd-11eb-b767-3f1a8f1211ba,93.0
2023-02-14T22:35:47.017992,adeef670-4bcd-11eb-b767-3f1a8f1211ba,93.0
2023-02-14T22:45:18.303427,adeef670-4bcd-11eb-b767-3f1a8f1211ba,93.0
2023-02-14T22:54:19.766653,adeef670-4bcd-11eb-b767-3f1a8f1211ba,93.0
2023-02-15T14:32:23.155062,adeef670-4bcd-11eb-b767-3f1a8f1211ba,93.0
2023-02-15T14:42:29.852068,adeef670-4bcd-11eb-b767-3f1a8f1211ba,92.0
2023-02-15T14:52:28.100731,adeef670-4bcd-11eb-b767-3f1a8f1211ba,88.0
2023-02-15T15:01:22.526132,adeef670-4bcd-11eb-b767-3f1a8f1211ba,92.0
2023-02-15T15:11:01.914766,adeef670-4bcd-11eb-b767-3f1a8f1211ba,91.0
2023-02-15T15:21:22.298933,adeef670-4bcd-11eb-b767-3f1a8f1211ba,93.0
2023-02-15T15:31:40.164787,adeef670-4bcd-11eb-b767-3f1a8f1211ba,92.0
2023-02-15T15:42:21.022362,adeef670-4bcd-11eb-b767-3f1a8f1211ba,93.0
2023-02-15T15:51:39.847484,adeef670-4bcd-11eb-b767-3f1a8f1211ba,93.0
2023-02-15T16:02:06.425568,adeef670-4bcd-11eb-b767-3f1a8f1211ba,91.0
2023-02-15T16:11:42.110305,adeef670-4bcd-11eb-b767-3f1a8f1211ba,93.0
2023-02-15T16:21:34.213498,adeef670-4bcd-11eb-b767-3f1a8f1211ba,90.0
2023-02-15T16:31:06.429985,adeef670-4bcd-11eb-b767-3f1a8f1211ba,91.0
2023-02-15T16:41:13.086742,adeef670-4bcd-11eb-b767-3f1a8f1211ba,91.0
2023-02-15T16:51:01.561987,adeef670-4bcd-11eb-b767-3f1a8f1211ba,90.0
2023-02-15T17:01:09.514315,adeef670-4bcd-11eb-b767-3f1a8f1211ba,92.0
2023-02-15T17:10:27.863249,adeef670-4bcd-11eb-b767-3f1a8f1211ba,92.0
2023-02-15T17:19:39.962654,adeef670-4bcd-11eb-b767-3f1a8f1211ba,91.0
2023-02-15T17:28:55.352183,adeef670-4bcd-11eb-b767-3f1a8f1211ba,93.0
2023-02-15T17:38:04.221636,adeef670-4bcd-11eb-b767-3f1a8f1211ba,93.0
2023-02-15T17:47:55.420420,adeef670-4bcd-11eb-b767-3f1a8f1211ba,93.0
2023-02-15T17:57:46.111632,adeef670-4bcd-11eb-b767-3f1a8f1211ba,91.0
2023-02-15T18:07:38.324463,adeef670-4bcd-11eb-b767-3f1a8f1211ba,91.0
2023-02-15T18:17:17.053540,adeef670-4bcd-11eb-b767-3f1a8f1211ba,93.0
2023-02-15T18:26:56.666022,adeef670-4bcd-11eb-b767-3f1a8f1211ba,93.0
2023-02-15T18:35:48.185796,adeef670-4bcd-11eb-b767-3f1a8f1211ba,91.0
2023-02-15T18:45:44.431366,adeef670-4bcd-11eb-b767-3f1a8f1211ba,93.0
2023-02-15T18:55:53.917568,adeef670-4bcd-11eb-b767-3f1a8f1211ba,93.0
2023-02-15T19:05:41.126356,adeef670-4bcd-11eb-b767-3f1a8f1211ba,92.0
2023-02-15T19:15:50.488907,adeef670-4bcd-11eb-b767-3f1a8f1211ba,93.0
2023-02-15T19:26:16.095960,adeef670-4bcd-11eb-b767-3f1a8f1211ba,93.0
2023-02-15T19:35:42.951375,adeef670-4bcd-11eb-b767-3f1a8f1211ba,93.0
2023-02-15T19:45:30.508225,adeef670-4bcd-11eb-b767-3f1a8f1211ba,93.0
2023-02-15T19:55:38.308464,adeef670-4bcd-11eb-b767-3f1a8f1211ba,93.0
2023-02-15T20:05:16.747542,adeef670-4bcd-11eb-b767-3f1a8f1211ba,92.0
2023-02-15T20:15:00.856799,adeef670-4bcd-11eb-b767-3f1a8f1211ba,93.0
2023-02-15T20:25:01.323083,adeef670-4bcd-11eb-b767-3f1a8f1211ba,91.0
2023-02-15T20:35:27.496200,adeef670-4bcd-11eb-b767-3f1a8f1211ba,93.0
2023-02-15T20:45:14.698023,adeef670-4bcd-11eb-b767-3f1a8f1211ba,93.0
2023-02-15T21:04:47.040083,adeef670-4bcd-11eb-b767-3f1a8f1211ba,93.0
2023-02-15T21:15:14.318607,adeef670-4bcd-11eb-b767-3f1a8f1211ba,93.0
2023-02-15T21:25:21.075390,adeef670-4bcd-11eb-b767-3f1a8f1211ba,91.0
2023-02-15T21:35:08.802327,adeef670-4bcd-11eb-b767-3f1a8f1211ba,91.0
2023-02-15T21:44:33.254213,adeef670-4bcd-11eb-b767-3f1a8f1211ba,93.0
2023-02-15T21:54:16.927962,adeef670-4bcd-11eb-b767-3f1a8f1211ba,93.0
2023-02-15T22:03:32.767118,adeef670-4bcd-11eb-b767-3f1a8f1211ba,92.0
2023-02-15T22:13:15.522689,adeef670-4bcd-11eb-b767-3f1a8f1211ba,93.0
2023-02-15T22:23:02.803922,adeef670-4bcd-11eb-b767-3f1a8f1211ba,93.0
2023-02-15T22:32:31.721019,adeef670-4bcd-11eb-b767-3f1a8f1211ba,93.0
2023-02-15T22:41:28.251064,adeef670-4bcd-11eb-b767-3f1a8f1211ba,93.0
2023-02-15T22:50:57.828778,adeef670-4bcd-11eb-b767-3f1a8f1211ba,92.0
2023-02-15T23:00:05.838090,adeef670-4bcd-11eb-b767-3f1a8f1211ba,93.0
2023-02-15T23:09:23.530751,adeef670-4bcd-11eb-b767-3f1a8f1211ba,93.0
2023-02-15T23:19:01.135540,adeef670-4bcd-11eb-b767-3f1a8f1211ba,93.0
2023-02-15T23:28:32.910510,adeef670-4bcd-11eb-b767-3f1a8f1211ba,91.0
2023-02-15T23:38:08.111725,adeef670-4bcd-11eb-b767-3f1a8f1211ba,93.0
2023-02-15T23:48:14.730731,adeef670-4bcd-11eb-b767-3f1a8f1211ba,93.0
2023-02-15T23:57:43.197572,adeef670-4bcd-11eb-b767-3f1a8f1211ba,93.0
2023-02-16T00:07:48.187598,adeef670-4bcd-11eb-b767-3f1a8f1211ba,91.0
2023-02-16T00:17:20.724551,adeef670-4bcd-11eb-b767-3f1a8f1211ba,91.0
2023-02-16T00:26:51.842288,adeef670-4bcd-11eb-b767-3f1a8f1211ba,93.0
2023-02-16T00:36:47.535935,adeef670-4bcd-11eb-b767-3f1a8f1211ba,93.0
2023-02-16T00:46:38.164213,adeef670-4bcd-11eb-b767-3f1a8f1211ba,91.0
2023-02-16T00:56:02.377274,adeef670-4bcd-11eb-b767-3f1a8f1211ba,91.0
2023-02-16T01:06:03.917389,adeef670-4bcd-11eb-b767-3f1a8f1211ba,93.0
2023-02-16T01:16:02.388428,adeef670-4bcd-11eb-b767-3f1a8f1211ba,91.0
2023-02-16T01:25:44.794301,adeef670-4bcd-11eb-b767-3f1a8f1211ba,92.0
2023-02-16T01:35:07.312515,adeef670-4bcd-11eb-b767-3f1a8f1211ba,92.0
2023-02-16T01:44:43.412790,adeef670-4bcd-11eb-b767-3f1a8f1211ba,93.0
2023-02-16T01:54:44.336374,adeef670-4bcd-11eb-b767-3f1a8f1211ba,91.0
2023-02-16T02:04:26.026406,adeef670-4bcd-11eb-b767-3f1a8f1211ba,92.0
2023-02-16T02:14:16.555699,adeef670-4bcd-11eb-b767-3f1a8f1211ba,92.0
2023-02-16T02:23:48.794158,adeef670-4bcd-11eb-b767-3f1a8f1211ba,92.0
2023-02-16T02:33:58.494690,adeef670-4bcd-11eb-b767-3f1a8f1211ba,91.0
2023-02-16T02:43:54.426701,adeef670-4bcd-11eb-b767-3f1a8f1211ba,91.0
2023-02-16T02:52:52.967796,adeef670-4bcd-11eb-b767-3f1a8f1211ba,91.0
2023-02-16T03:02:11.093780,adeef670-4bcd-11eb-b767-3f1a8f1211ba,93.0
2023-02-16T03:12:17.820463,adeef670-4bcd-11eb-b767-3f1a8f1211ba,91.0
2023-02-16T03:22:04.902553,adeef670-4bcd-11eb-b767-3f1a8f1211ba,92.0
2023-02-16T03:31:24.651657,adeef670-4bcd-11eb-b767-3f1a8f1211ba,92.0
2023-02-16T03:41:19.639745,adeef670-4bcd-11eb-b767-3f1a8f1211ba,93.0
2023-02-16T03:50:54.379667,adeef670-4bcd-11eb-b767-3f1a8f1211ba,91.0
2023-02-16T04:00:44.341053,adeef670-4bcd-11eb-b767-3f1a8f1211ba,93.0
2023-02-16T04:10:52.901556,adeef670-4bcd-11eb-b767-3f1a8f1211ba,93.0
2023-02-16T04:19:58.584581,adeef670-4bcd-11eb-b767-3f1a8f1211ba,93.0
2023-02-16T04:30:18.924232,adeef670-4bcd-11eb-b767-3f1a8f1211ba,93.0
2023-02-16T04:40:09.394151,adeef670-4bcd-11eb-b767-3f1a8f1211ba,92.0
2023-02-16T04:49:52.804355,adeef670-4bcd-11eb-b767-3f1a8f1211ba,90.0
2023-02-16T04:59:43.802642,adeef670-4bcd-11eb-b767-3f1a8f1211ba,93.0
2023-02-16T05:09:44.706566,adeef670-4bcd-11eb-b767-3f1a8f1211ba,92.0
2023-02-16T05:19:29.006139,adeef670-4bcd-11eb-b767-3f1a8f1211ba,92.0
2023-02-16T05:28:49.155743,adeef670-4bcd-11eb-b767-3f1a8f1211ba,92.0
2023-02-16T05:38:19.342834,adeef670-4bcd-11eb-b767-3f1a8f1211ba,93.0
2023-02-16T05:48:28.902697,adeef670-4bcd-11eb-b767-3f1a8f1211ba,93.0
2023-02-16T05:59:05.265181,adeef670-4bcd-11eb-b767-3f1a8f1211ba,91.0
2023-02-16T06:08:56.483284,adeef670-4bcd-11eb-b767-3f1a8f1211ba,93.0
2023-02-16T06:18:58.584737,adeef670-4bcd-11eb-b767-3f1a8f1211ba,93.0
2023-02-16T06:28:44.139490,adeef670-4bcd-11eb-b767-3f1a8f1211ba,93.0
2023-02-16T06:38:08.172878,adeef670-4bcd-11eb-b767-3f1a8f1211ba,92.0
2023-02-16T06:48:45.949500,adeef670-4bcd-11eb-b767-3f1a8f1211ba,93.0
2023-02-16T06:58:08.354811,adeef670-4bcd-11eb-b767-3f1a8f1211ba,93.0
2023-02-16T07:07:51.412264,adeef670-4bcd-11eb-b767-3f1a8f1211ba,93.0
2023-02-16T07:17:12.518829,adeef670-4bcd-11eb-b767-3f1a8f1211ba,91.0
2023-02-16T07:27:00.366680,adeef670-4bcd-11eb-b767-3f1a8f1211ba,92.0
2023-02-16T07:36:51.408850,adeef670-4bcd-11eb-b767-3f1a8f1211ba,92.0
2023-02-16T07:46:08.991055,adeef670-4bcd-11eb-b767-3f1a8f1211ba,93.0
2023-02-16T07:56:00.494756,adeef670-4bcd-11eb-b767-3f1a8f1211ba,93.0
2023-02-16T08:05:50.239135,adeef670-4bcd-11eb-b767-3f1a8f1211ba,91.0
2023-02-16T08:15:37.372554,adeef670-4bcd-11eb-b767-3f1a8f1211ba,93.0
2023-02-16T08:25:04.531754,adeef670-4bcd-11eb-b767-3f1a8f1211ba,92.0
2023-02-16T08:34:53.177703,adeef670-4bcd-11eb-b767-3f1a8f1211ba,90.0
2023-02-16T08:43:44.254833,adeef670-4bcd-11eb-b767-3f1a8f1211ba,93.0
2023-02-16T08:54:04.439167,adeef670-4bcd-11eb-b767-3f1a8f1211ba,93.0
2023-02-16T09:03:43.365014,adeef670-4bcd-11eb-b767-3f1a8f1211ba,92.0
2023-02-16T09:13:19.382008,adeef670-4bcd-11eb-b767-3f1a8f1211ba,92.0
2023-02-16T09:22:54.317207,adeef670-4bcd-11eb-b767-3f1a8f1211ba,91.0
2023-02-16T09:33:21.676329,adeef670-4bcd-11eb-b767-3f1a8f1211ba,93.0
2023-02-16T09:43:20.152769,adeef670-4bcd-11eb-b767-3f1a8f1211ba,91.0
2023-02-16T09:52:38.471397,adeef670-4bcd-11eb-b767-3f1a8f1211ba,93.0
2023-02-16T10:02:12.292873,adeef670-4bcd-11eb-b767-3f1a8f1211ba,91.0
2023-02-16T10:11:59.167372,adeef670-4bcd-11eb-b767-3f1a8f1211ba,91.0
2023-02-16T10:21:04.006428,adeef670-4bcd-11eb-b767-3f1a8f1211ba,91.0
2023-02-16T10:30:44.978747,adeef670-4bcd-11eb-b767-3f1a8f1211ba,91.0
2023-02-16T10:40:09.971497,adeef670-4bcd-11eb-b767-3f1a8f1211ba,93.0
2023-02-16T10:50:09.600103,adeef670-4bcd-11eb-b767-3f1a8f1211ba,88.0
2023-02-16T10:59:38.437319,adeef670-4bcd-11eb-b767-3f1a8f1211ba,93.0
2023-02-16T11:09:18.351737,adeef670-4bcd-11eb-b767-3f1a8f1211ba,90.0
2023-02-16T11:18:33.118399,adeef670-4bcd-11eb-b767-3f1a8f1211ba,91.0
2023-02-16T11:27:48.537384,adeef670-4bcd-11eb-b767-3f1a8f1211ba,93.0
2023-02-16T11:37:06.294384,adeef670-4bcd-11eb-b767-3f1a8f1211ba,92.0
2023-02-16T11:47:15.344476,adeef670-4bcd-11eb-b767-3f1a8f1211ba,93.0
2023-02-16T11:57:14.225082,adeef670-4bcd-11eb-b767-3f1a8f1211ba,93.0
2023-02-16T12:07:19.397759,adeef670-4bcd-11eb-b767-3f1a8f1211ba,90.0
2023-02-16T12:16:55.179328,adeef670-4bcd-11eb-b767-3f1a8f1211ba,91.0
2023-02-16T12:27:16.659151,adeef670-4bcd-11eb-b767-3f1a8f1211ba,93.0
2023-02-16T12:37:10.788355,adeef670-4bcd-11eb-b767-3f1a8f1211ba,93.0
2023-02-16T12:47:16.102295,adeef670-4bcd-11eb-b767-3f1a8f1211ba,93.0
2023-02-16T12:56:16.059878,adeef670-4bcd-11eb-b767-3f1a8f1211ba,91.0
2023-02-16T13:06:14.041637,adeef670-4bcd-11eb-b767-3f1a8f1211ba,91.0
2023-02-16T13:15:51.382320,adeef670-4bcd-11eb-b767-3f1a8f1211ba,93.0
2023-02-16T13:25:23.345098,adeef670-4bcd-11eb-b767-3f1a8f1211ba,89.0
2023-02-16T13:35:06.009645,adeef670-4bcd-11eb-b767-3f1a8f1211ba,92.0
2023-02-16T13:44:32.683551,adeef670-4bcd-11eb-b767-3f1a8f1211ba,91.0
2023-02-16T13:54:02.580276,adeef670-4bcd-11eb-b767-3f1a8f1211ba,91.0
2023-02-16T14:03:43.005074,adeef670-4bcd-11eb-b767-3f1a8f1211ba,93.0
2023-02-16T14:13:42.342146,adeef670-4bcd-11eb-b767-3f1a8f1211ba,91.0
2023-02-16T14:22:57.871386,adeef670-4bcd-11eb-b767-3f1a8f1211ba,91.0
2023-02-16T14:33:00.725739,adeef670-4bcd-11eb-b767-3f1a8f1211ba,91.0
2023-02-16T14:42:40.939496,adeef670-4bcd-11eb-b767-3f1a8f1211ba,93.0
2023-02-16T14:52:09.289697,adeef670-4bcd-11eb-b767-3f1a8f1211ba,93.0
2023-02-16T15:01:51.014728,adeef670-4bcd-11eb-b767-3f1a8f1211ba,91.0
2023-02-16T15:11:42.822395,adeef670-4bcd-11eb-b767-3f1a8f1211ba,91.0
2023-02-16T15:21:44.097527,adeef670-4bcd-11eb-b767-3f1a8f1211ba,93.0
2023-02-16T15:31:16.875347,adeef670-4bcd-11eb-b767-3f1a8f1211ba,91.0
2023-02-16T15:40:47.238631,adeef670-4bcd-11eb-b767-3f1a8f1211ba,92.0
2023-02-16T15:49:59.035479,adeef670-4bcd-11eb-b767-3f1a8f1211ba,92.0
2023-02-16T15:59:30.310982,adeef670-4bcd-11eb-b767-3f1a8f1211ba,92.0
2023-02-16T16:08:57.233538,adeef670-4bcd-11eb-b767-3f1a8f1211ba,92.0
2023-02-16T16:19:03.925086,adeef670-4bcd-11eb-b767-3f1a8f1211ba,93.0
2023-02-16T16:28:29.121117,adeef670-4bcd-11eb-b767-3f1a8f1211ba,93.0
2023-02-16T16:38:08.505746,adeef670-4bcd-11eb-b767-3f1a8f1211ba,93.0
2023-02-16T16:47:34.936788,adeef670-4bcd-11eb-b767-3f1a8f1211ba,91.0
2023-02-16T16:57:42.909121,adeef670-4bcd-11eb-b767-3f1a8f1211ba,93.0
2023-02-16T17:07:06.188533,adeef670-4bcd-11eb-b767-3f1a8f1211ba,89.0
2023-02-16T17:16:43.762013,adeef670-4bcd-11eb-b767-3f1a8f1211ba,92.0
2023-02-16T17:26:38.944027,adeef670-4bcd-11eb-b767-3f1a8f1211ba,92.0
2023-02-16T17:36:47.068311,adeef670-4bcd-11eb-b767-3f1a8f1211ba,92.0
2023-02-16T17:46:12.017925,adeef670-4bcd-11eb-b767-3f1a8f1211ba,92.0
2023-02-16T17:55:29.002105,adeef670-4bcd-11eb-b767-3f1a8f1211ba,88.0
2023-02-16T18:05:09.858092,adeef670-4bcd-11eb-b767-3f1a8f1211ba,93.0
2023-02-16T18:14:44.716254,adeef670-4bcd-11eb-b767-3f1a8f1211ba,93.0
2023-02-16T18:24:34.107412,adeef670-4bcd-11eb-b767-3f1a8f1211ba,91.0
2023-02-16T18:34:29.145831,adeef670-4bcd-11eb-b767-3f1a8f1211ba,93.0
2023-02-16T18:44:32.352026,adeef670-4bcd-11eb-b767-3f1a8f1211ba,93.0
2023-02-16T18:53:29.150263,adeef670-4bcd-11eb-b767-3f1a8f1211ba,89.0
2023-02-16T19:03:17.399467,adeef670-4bcd-11eb-b767-3f1a8f1211ba,93.0
2023-02-16T19:13:10.777089,adeef670-4bcd-11eb-b767-3f1a8f1211ba,93.0
2023-02-16T19:22:37.527558,adeef670-4bcd-11eb-b767-3f1a8f1211ba,90.0
2023-02-16T19:31:52.243067,adeef670-4bcd-11eb-b767-3f1a8f1211ba,92.0
2023-02-16T19:42:00.687070,adeef670-4bcd-11eb-b767-3f1a8f1211ba,92.0
2023-02-16T19:52:19.020330,adeef670-4bcd-11eb-b767-3f1a8f1211ba,92.0
2023-02-16T20:01:46.240146,adeef670-4bcd-11eb-b767-3f1a8f1211ba,92.0
2023-02-16T20:12:16.748185,adeef670-4bcd-11eb-b767-3f1a8f1211ba,89.0
2023-02-16T20:21:44.656801,adeef670-4bcd-11eb-b767-3f1a8f1211ba,91.0
2023-02-16T20:31:16.694594,adeef670-4bcd-11eb-b767-3f1a8f1211ba,93.0
2023-02-16T20:41:06.324562,adeef670-4bcd-11eb-b767-3f1a8f1211ba,90.0
2023-02-16T20:50:39.244964,adeef670-4bcd-11eb-b767-3f1a8f1211ba,93.0
2023-02-16T20:59:49.659002,adeef670-4bcd-11eb-b767-3f1a8f1211ba,92.0
2023-02-16T21:09:35.838620,adeef670-4bcd-11eb-b767-3f1a8f1211ba,93.0
2023-02-16T21:19:41.621004,adeef670-4bcd-11eb-b767-3f1a8f1211ba,93.0
2023-02-16T21:30:05.330234,adeef670-4bcd-11eb-b767-3f1a8f1211ba,93.0
2023-02-16T21:39:40.998476,adeef670-4bcd-11eb-b767-3f1a8f1211ba,91.0
2023-02-16T21:49:03.689142,adeef670-4bcd-11eb-b767-3f1a8f1211ba,93.0
2023-02-16T21:58:57.474853,adeef670-4bcd-11eb-b767-3f1a8f1211ba,93.0
2023-02-16T22:08:50.541636,adeef670-4bcd-11eb-b767-3f1a8f1211ba,93.0
2023-02-16T22:18:53.093192,adeef670-4bcd-11eb-b767-3f1a8f1211ba,93.0
2023-02-16T22:28:30.564161,adeef670-4bcd-11eb-b767-3f1a8f1211ba,91.0
2023-02-16T22:37:53.151891,adeef670-4bcd-11eb-b767-3f1a8f1211ba,93.0
2023-02-16T22:47:44.257810,adeef670-4bcd-11eb-b767-3f1a8f1211ba,93.0
2023-02-16T22:57:19.832685,adeef670-4bcd-11eb-b767-3f1a8f1211ba,92.0
2023-02-16T23:07:35.797338,adeef670-4bcd-11eb-b767-3f1a8f1211ba,93.0
2023-02-16T23:17:45.998772,adeef670-4bcd-11eb-b767-3f1a8f1211ba,93.0
2023-02-16T23:26:44.755930,adeef670-4bcd-11eb-b767-3f1a8f1211ba,93.0
2023-02-16T23:36:16.732815,adeef670-4bcd-11eb-b767-3f1a8f1211ba,91.0
2023-02-16T23:46:15.136166,adeef670-4bcd-11eb-b767-3f1a8f1211ba,93.0
2023-02-16T23:56:17.866158,adeef670-4bcd-11eb-b767-3f1a8f1211ba,91.0
2023-02-17T00:05:40.588402,adeef670-4bcd-11eb-b767-3f1a8f1211ba,93.0
2023-02-17T00:15:44.741344,adeef670-4bcd-11eb-b767-3f1a8f1211ba,91.0
2023-02-17T00:25:33.157983,adeef670-4bcd-11eb-b767-3f1a8f1211ba,93.0
2023-02-17T00:35:15.095900,adeef670-4bcd-11eb-b767-3f1a8f1211ba,93.0
2023-02-17T00:44:25.138983,adeef670-4bcd-11eb-b767-3f1a8f1211ba,93.0
2023-02-17T00:54:28.529445,adeef670-4bcd-11eb-b767-3f1a8f1211ba,91.0
2023-02-17T01:04:11.881939,adeef670-4bcd-11eb-b767-3f1a8f1211ba,93.0
2023-02-17T01:13:35.341543,adeef670-4bcd-11eb-b767-3f1a8f1211ba,91.0
2023-02-17T01:22:52.767303,adeef670-4bcd-11eb-b767-3f1a8f1211ba,89.0
2023-02-17T01:32:23.297707,adeef670-4bcd-11eb-b767-3f1a8f1211ba,93.0
2023-02-17T01:41:36.217083,adeef670-4bcd-11eb-b767-3f1a8f1211ba,93.0
2023-02-17T01:51:30.925364,adeef670-4bcd-11eb-b767-3f1a8f1211ba,93.0
2023-02-17T02:00:54.221888,adeef670-4bcd-11eb-b767-3f1a8f1211ba,93.0
2023-02-17T02:10:49.107500,adeef670-4bcd-11eb-b767-3f1a8f1211ba,91.0
2023-02-17T02:20:43.895036,adeef670-4bcd-11eb-b767-3f1a8f1211ba,91.0
2023-02-17T02:30:27.183565,adeef670-4bcd-11eb-b767-3f1a8f1211ba,93.0
2023-02-17T02:40:47.866885,adeef670-4bcd-11eb-b767-3f1a8f1211ba,93.0
2023-02-17T02:49:36.714715,adeef670-4bcd-11eb-b767-3f1a8f1211ba,92.0
2023-02-17T02:59:39.946249,adeef670-4bcd-11eb-b767-3f1a8f1211ba,93.0
2023-02-17T03:09:22.948344,adeef670-4bcd-11eb-b767-3f1a8f1211ba,93.0
2023-02-17T03:18:54.523679,adeef670-4bcd-11eb-b767-3f1a8f1211ba,93.0
2023-02-17T03:28:25.743570,adeef670-4bcd-11eb-b767-3f1a8f1211ba,93.0
2023-02-17T03:38:22.166616,adeef670-4bcd-11eb-b767-3f1a8f1211ba,92.0
2023-02-17T03:48:19.453108,adeef670-4bcd-11eb-b767-3f1a8f1211ba,93.0
2023-02-17T03:58:36.026520,adeef670-4bcd-11eb-b767-3f1a8f1211ba,93.0
2023-02-17T04:08:23.863733,adeef670-4bcd-11eb-b767-3f1a8f1211ba,91.0
2023-02-17T04:18:15.852554,adeef670-4bcd-11eb-b767-3f1a8f1211ba,93.0
2023-02-17T04:27:52.834110,adeef670-4bcd-11eb-b767-3f1a8f1211ba,93.0
2023-02-17T04:37:13.074560,adeef670-4bcd-11eb-b767-3f1a8f1211ba,93.0
2023-02-17T04:47:05.361839,adeef670-4bcd-11eb-b767-3f1a8f1211ba,93.0
2023-02-17T04:56:33.629370,adeef670-4bcd-11eb-b767-3f1a8f1211ba,91.0
2023-02-17T05:05:51.679188,adeef670-4bcd-11eb-b767-3f1a8f1211ba,91.0
2023-02-17T05:15:37.070198,adeef670-4bcd-11eb-b767-3f1a8f1211ba,93.0
2023-02-17T05:25:29.415391,adeef670-4bcd-11eb-b767-3f1a8f1211ba,93.0
2023-02-17T05:35:08.428538,adeef670-4bcd-11eb-b767-3f1a8f1211ba,91.0
2023-02-17T05:44:50.434497,adeef670-4bcd-11eb-b767-3f1a8f1211ba,93.0
2023-02-17T05:54:39.190525,adeef670-4bcd-11eb-b767-3f1a8f1211ba,91.0
2023-02-17T06:04:25.520866,adeef670-4bcd-11eb-b767-3f1a8f1211ba,93.0
2023-02-17T06:14:21.820841,adeef670-4bcd-11eb-b767-3f1a8f1211ba,91.0
2023-02-17T06:24:02.623953,adeef670-4bcd-11eb-b767-3f1a8f1211ba,91.0
2023-02-17T06:33:46.036865,adeef670-4bcd-11eb-b767-3f1a8f1211ba,93.0
2023-02-17T06:43:26.840896,adeef670-4bcd-11eb-b767-3f1a8f1211ba,93.0
2023-02-17T06:53:05.584830,adeef670-4bcd-11eb-b767-3f1a8f1211ba,91.0
2023-02-17T07:02:06.959405,adeef670-4bcd-11eb-b767-3f1a8f1211ba,93.0
2023-02-17T07:11:43.767003,adeef670-4bcd-11eb-b767-3f1a8f1211ba,91.0
2023-02-17T07:21:40.706740,adeef670-4bcd-11eb-b767-3f1a8f1211ba,93.0
2023-02-17T07:31:23.419486,adeef670-4bcd-11eb-b767-3f1a8f1211ba,93.0
2023-02-17T07:40:44.929093,adeef670-4bcd-11eb-b767-3f1a8f1211ba,92.0
2023-02-17T07:50:09.921030,adeef670-4bcd-11eb-b767-3f1a8f1211ba,93.0
2023-02-17T07:59:22.914638,adeef670-4bcd-11eb-b767-3f1a8f1211ba,93.0
2023-02-17T08:08:48.141545,adeef670-4bcd-11eb-b767-3f1a8f1211ba,93.0
2023-02-17T08:18:13.852348,adeef670-4bcd-11eb-b767-3f1a8f1211ba,93.0
2023-02-17T08:27:15.393134,adeef670-4bcd-11eb-b767-3f1a8f1211ba,91.0
2023-02-17T08:37:10.339518,adeef670-4bcd-11eb-b767-3f1a8f1211ba,91.0
2023-02-17T08:45:59.400053,adeef670-4bcd-11eb-b767-3f1a8f1211ba,91.0
2023-02-17T08:55:20.648701,adeef670-4bcd-11eb-b767-3f1a8f1211ba,91.0
2023-02-17T09:04:41.776951,adeef670-4bcd-11eb-b767-3f1a8f1211ba,93.0
2023-02-17T09:14:25.012051,adeef670-4bcd-11eb-b767-3f1a8f1211ba,93.0
2023-02-17T09:24:07.175622,adeef670-4bcd-11eb-b767-3f1a8f1211ba,93.0
2023-02-17T09:33:15.918926,adeef670-4bcd-11eb-b767-3f1a8f1211ba,93.0
2023-02-17T09:42:29.957273,adeef670-4bcd-11eb-b767-3f1a8f1211ba,92.0
2023-02-17T09:52:20.577332,adeef670-4bcd-11eb-b767-3f1a8f1211ba,93.0
2023-02-17T10:02:08.957743,adeef670-4bcd-11eb-b767-3f1a8f1211ba,93.0
2023-02-17T10:11:21.255739,adeef670-4bcd-11eb-b767-3f1a8f1211ba,91.0
2023-02-17T10:20:31.044769,adeef670-4bcd-11eb-b767-3f1a8f1211ba,91.0
2023-02-17T10:30:30.240946,adeef670-4bcd-11eb-b767-3f1a8f1211ba,93.0
2023-02-17T10:40:06.400953,adeef670-4bcd-11eb-b767-3f1a8f1211ba,92.0
2023-02-17T10:50:48.708977,adeef670-4bcd-11eb-b767-3f1a8f1211ba,92.0
2023-02-17T11:00:00.841370,adeef670-4bcd-11eb-b767-3f1a8f1211ba,93.0
2023-02-17T11:09:49.409532,adeef670-4bcd-11eb-b767-3f1a8f1211ba,93.0
2023-02-17T11:19:16.580998,adeef670-4bcd-11eb-b767-3f1a8f1211ba,91.0
2023-02-17T11:29:04.238873,adeef670-4bcd-11eb-b767-3f1a8f1211ba,93.0
2023-02-17T11:38:26.220478,adeef670-4bcd-11eb-b767-3f1a8f1211ba,91.0
2023-02-17T11:47:40.750196,adeef670-4bcd-11eb-b767-3f1a8f1211ba,93.0
2023-02-17T11:56:59.407120,adeef670-4bcd-11eb-b767-3f1a8f1211ba,93.0
2023-02-17T12:06:47.493673,adeef670-4bcd-11eb-b767-3f1a8f1211ba,91.0
2023-02-17T12:16:33.606896,adeef670-4bcd-11eb-b767-3f1a8f1211ba,93.0
2023-02-17T12:26:44.165718,adeef670-4bcd-11eb-b767-3f1a8f1211ba,93.0
2023-02-17T12:36:37.068754,adeef670-4bcd-11eb-b767-3f1a8f1211ba,91.0
2023-02-17T12:46:32.943497,adeef670-4bcd-11eb-b767-3f1a8f1211ba,93.0
2023-02-17T12:56:41.224892,adeef670-4bcd-11eb-b767-3f1a8f1211ba,93.0
2023-02-17T13:05:29.286246,adeef670-4bcd-11eb-b767-3f1a8f1211ba,89.0
2023-02-17T13:15:35.423971,adeef670-4bcd-11eb-b767-3f1a8f1211ba,93.0
2023-02-17T13:25:22.930484,adeef670-4bcd-11eb-b767-3f1a8f1211ba,91.0
2023-02-17T13:34:51.470877,adeef670-4bcd-11eb-b767-3f1a8f1211ba,93.0
2023-02-17T13:44:54.933236,adeef670-4bcd-11eb-b767-3f1a8f1211ba,90.0
2023-02-17T13:54:05.683461,adeef670-4bcd-11eb-b767-3f1a8f1211ba,91.0
2023-02-17T14:04:46.863963,adeef670-4bcd-11eb-b767-3f1a8f1211ba,91.0
2023-02-17T14:14:25.332581,adeef670-4bcd-11eb-b767-3f1a8f1211ba,93.0
2023-02-17T14:24:35.581878,adeef670-4bcd-11eb-b767-3f1a8f1211ba,93.0
2023-02-17T14:34:41.442838,adeef670-4bcd-11eb-b767-3f1a8f1211ba,93.0
2023-02-17T14:44:00.076735,adeef670-4bcd-11eb-b767-3f1a8f1211ba,91.0
2023-02-17T14:53:58.056875,adeef670-4bcd-11eb-b767-3f1a8f1211ba,93.0
2023-02-17T15:04:02.837739,adeef670-4bcd-11eb-b767-3f1a8f1211ba,93.0
2023-02-17T15:13:54.653923,adeef670-4bcd-11eb-b767-3f1a8f1211ba,92.0
2023-02-17T15:24:18.151408,adeef670-4bcd-11eb-b767-3f1a8f1211ba,93.0
2023-02-17T15:34:19.216352,adeef670-4bcd-11eb-b767-3f1a8f1211ba,93.0
2023-02-17T15:44:11.084981,adeef670-4bcd-11eb-b767-3f1a8f1211ba,93.0
2023-02-17T15:53:45.772987,adeef670-4bcd-11eb-b767-3f1a8f1211ba,91.0
2023-02-17T16:03:33.174590,adeef670-4bcd-11eb-b767-3f1a8f1211ba,93.0
2023-02-17T16:13:47.178470,adeef670-4bcd-11eb-b767-3f1a8f1211ba,93.0
2023-02-17T16:23:50.838324,adeef670-4bcd-11eb-b767-3f1a8f1211ba,93.0
2023-02-17T16:33:14.629529,adeef670-4bcd-11eb-b767-3f1a8f1211ba,89.0
2023-02-17T16:42:41.716048,adeef670-4bcd-11eb-b767-3f1a8f1211ba,92.0
2023-02-17T16:52:20.397009,adeef670-4bcd-11eb-b767-3f1a8f1211ba,91.0
2023-02-17T17:02:26.030550,adeef670-4bcd-11eb-b767-3f1a8f1211ba,93.0
2023-02-17T17:11:42.791368,adeef670-4bcd-11eb-b767-3f1a8f1211ba,89.0
2023-02-17T17:21:44.398955,adeef670-4bcd-11eb-b767-3f1a8f1211ba,93.0
2023-02-17T17:31:47.383368,adeef670-4bcd-11eb-b767-3f1a8f1211ba,91.0
2023-02-17T17:40:55.716062,adeef670-4bcd-11eb-b767-3f1a8f1211ba,90.0
2023-02-17T17:50:15.328935,adeef670-4bcd-11eb-b767-3f1a8f1211ba,91.0
2023-02-17T17:59:29.728653,adeef670-4bcd-11eb-b767-3f1a8f1211ba,90.0
2023-02-17T18:09:42.424590,adeef670-4bcd-11eb-b767-3f1a8f1211ba,93.0
2023-02-17T18:19:22.131954,adeef670-4bcd-11eb-b767-3f1a8f1211ba,92.0
2023-02-17T18:29:13.481181,adeef670-4bcd-11eb-b767-3f1a8f1211ba,93.0
2023-02-17T18:38:56.535878,adeef670-4bcd-11eb-b767-3f1a8f1211ba,91.0
2023-02-17T18:48:54.319926,adeef670-4bcd-11eb-b767-3f1a8f1211ba,93.0
2023-02-17T18:58:00.365024,adeef670-4bcd-11eb-b767-3f1a8f1211ba,93.0
2023-02-17T19:07:20.309031,adeef670-4bcd-11eb-b767-3f1a8f1211ba,91.0
2023-02-17T19:17:23.535256,adeef670-4bcd-11eb-b767-3f1a8f1211ba,90.0
2023-02-17T19:27:06.128815,adeef670-4bcd-11eb-b767-3f1a8f1211ba,91.0
2023-02-17T19:36:44.611264,adeef670-4bcd-11eb-b767-3f1a8f1211ba,93.0
2023-02-17T19:46:14.658719,adeef670-4bcd-11eb-b767-3f1a8f1211ba,93.0
2023-02-17T19:55:45.007141,adeef670-4bcd-11eb-b767-3f1a8f1211ba,93.0
2023-02-17T20:04:51.456891,adeef670-4bcd-11eb-b767-3f1a8f1211ba,91.0
2023-02-17T20:14:29.222429,adeef670-4bcd-11eb-b767-3f1a8f1211ba,91.0
2023-02-17T20:23:52.579141,adeef670-4bcd-11eb-b767-3f1a8f1211ba,93.0
2023-02-17T20:33:40.811993,adeef670-4bcd-11eb-b767-3f1a8f1211ba,93.0
2023-02-17T20:43:37.962652,adeef670-4bcd-11eb-b767-3f1a8f1211ba,91.0
2023-02-17T20:53:10.973562,adeef670-4bcd-11eb-b767-3f1a8f1211ba,93.0
2023-02-17T21:03:07.756224,adeef670-4bcd-11eb-b767-3f1a8f1211ba,89.0
2023-02-17T21:12:39.441496,adeef670-4bcd-11eb-b767-3f1a8f1211ba,93.0
2023-02-17T21:22:08.611145,adeef670-4bcd-11eb-b767-3f1a8f1211ba,92.0
2023-02-17T21:31:54.409985,adeef670-4bcd-11eb-b767-3f1a8f1211ba,92.0
2023-02-17T21:41:38.267108,adeef670-4bcd-11eb-b767-3f1a8f1211ba,91.0
2023-02-17T21:51:07.909871,adeef670-4bcd-11eb-b767-3f1a8f1211ba,93.0
2023-02-17T22:00:58.020156,adeef670-4bcd-11eb-b767-3f1a8f1211ba,91.0
2023-02-17T22:10:29.190201,adeef670-4bcd-11eb-b767-3f1a8f1211ba,90.0
2023-02-17T22:19:36.314050,adeef670-4bcd-11eb-b767-3f1a8f1211ba,88.0
2023-02-17T22:29:34.453972,adeef670-4bcd-11eb-b767-3f1a8f1211ba,93.0
2023-02-17T22:38:24.895582,adeef670-4bcd-11eb-b767-3f1a8f1211ba,92.0
2023-02-17T22:48:22.728059,adeef670-4bcd-11eb-b767-3f1a8f1211ba,93.0
2023-02-17T22:58:00.899072,adeef670-4bcd-11eb-b767-3f1a8f1211ba,91.0
2023-02-17T23:07:49.141716,adeef670-4bcd-11eb-b767-3f1a8f1211ba,93.0
2023-02-17T23:18:10.597471,adeef670-4bcd-11eb-b767-3f1a8f1211ba,93.0
2023-02-17T23:27:41.468497,adeef670-4bcd-11eb-b767-3f1a8f1211ba,93.0
2023-02-17T23:37:24.625323,adeef670-4bcd-11eb-b767-3f1a8f1211ba,93.0
2023-02-17T23:47:15.498473,adeef670-4bcd-11eb-b767-3f1a8f1211ba,91.0
2023-02-17T23:57:24.646538,adeef670-4bcd-11eb-b767-3f1a8f1211ba,93.0
2023-02-18T00:07:02.796983,adeef670-4bcd-11eb-b767-3f1a8f1211ba,91.0
2023-02-18T00:17:04.942365,adeef670-4bcd-11eb-b767-3f1a8f1211ba,91.0
2023-02-18T00:26:38.021921,adeef670-4bcd-11eb-b767-3f1a8f1211ba,91.0
2023-02-18T00:35:46.385964,adeef670-4bcd-11eb-b767-3f1a8f1211ba,92.0
2023-02-18T00:45:21.516197,adeef670-4bcd-11eb-b767-3f1a8f1211ba,92.0
2023-02-18T00:54:53.207994,adeef670-4bcd-11eb-b767-3f1a8f1211ba,93.0
2023-02-18T01:04:13.577217,adeef670-4bcd-11eb-b767-3f1a8f1211ba,91.0
2023-02-18T01:13:44.960132,adeef670-4bcd-11eb-b767-3f1a8f1211ba,93.0
2023-02-18T01:23:15.777335,adeef670-4bcd-11eb-b767-3f1a8f1211ba,92.0
2023-02-18T01:32:58.082227,adeef670-4bcd-11eb-b767-3f1a8f1211ba,92.0
2023-02-18T01:42:59.028730,adeef670-4bcd-11eb-b767-3f1a8f1211ba,93.0
2023-02-18T01:52:29.729607,adeef670-4bcd-11eb-b767-3f1a8f1211ba,91.0
2023-02-18T02:02:05.939432,adeef670-4bcd-11eb-b767-3f1a8f1211ba,93.0
2023-02-18T02:11:43.581641,adeef670-4bcd-11eb-b767-3f1a8f1211ba,93.0
2023-02-18T02:21:40.072716,adeef670-4bcd-11eb-b767-3f1a8f1211ba,93.0
2023-02-18T02:31:43.495592,adeef670-4bcd-11eb-b767-3f1a8f1211ba,91.0
2023-02-18T02:41:24.355446,adeef670-4bcd-11eb-b767-3f1a8f1211ba,91.0
2023-02-18T02:51:33.306026,adeef670-4bcd-11eb-b767-3f1a8f1211ba,93.0
2023-02-18T03:01:54.538111,adeef670-4bcd-11eb-b767-3f1a8f1211ba,93.0
2023-02-18T03:11:21.851453,adeef670-4bcd-11eb-b767-3f1a8f1211ba,93.0
2023-02-18T03:21:05.698581,adeef670-4bcd-11eb-b767-3f1a8f1211ba,91.0
2023-02-18T03:30:49.083091,adeef670-4bcd-11eb-b767-3f1a8f1211ba,93.0
2023-02-18T03:40:27.894009,adeef670-4bcd-11eb-b767-3f1a8f1211ba,92.0
2023-02-18T03:49:45.758216,adeef670-4bcd-11eb-b767-3f1a8f1211ba,92.0
2023-02-18T03:59:01.330418,adeef670-4bcd-11eb-b767-3f1a8f1211ba,91.0
2023-02-18T04:08:29.690237,adeef670-4bcd-11eb-b767-3f1a8f1211ba,93.0
2023-02-18T04:18:12.642487,adeef670-4bcd-11eb-b767-3f1a8f1211ba,93.0
2023-02-18T04:27:57.790338,adeef670-4bcd-11eb-b767-3f1a8f1211ba,91.0
2023-02-18T04:37:49.397037,adeef670-4bcd-11eb-b767-3f1a8f1211ba,93.0
2023-02-18T04:47:41.910516,adeef670-4bcd-11eb-b767-3f1a8f1211ba,91.0
2023-02-18T04:58:32.853522,adeef670-4bcd-11eb-b767-3f1a8f1211ba,91.0
2023-02-18T05:07:56.427380,adeef670-4bcd-11eb-b767-3f1a8f1211ba,93.0
2023-02-18T05:17:52.339695,adeef670-4bcd-11eb-b767-3f1a8f1211ba,93.0
2023-02-18T05:27:40.855570,adeef670-4bcd-11eb-b767-3f1a8f1211ba,93.0
2023-02-18T05:37:03.110788,adeef670-4bcd-11eb-b767-3f1a8f1211ba,91.0
2023-02-18T05:46:45.925168,adeef670-4bcd-11eb-b767-3f1a8f1211ba,91.0
2023-02-18T05:56:38.838624,adeef670-4bcd-11eb-b767-3f1a8f1211ba,91.0
2023-02-18T06:06:10.745374,adeef670-4bcd-11eb-b767-3f1a8f1211ba,93.0
2023-02-18T06:16:30.691647,adeef670-4bcd-11eb-b767-3f1a8f1211ba,93.0
2023-02-18T06:26:28.536684,adeef670-4bcd-11eb-b767-3f1a8f1211ba,93.0
2023-02-18T06:36:36.385694,adeef670-4bcd-11eb-b767-3f1a8f1211ba,93.0
2023-02-18T06:46:43.231882,adeef670-4bcd-11eb-b767-3f1a8f1211ba,92.0
2023-02-18T06:55:42.309735,adeef670-4bcd-11eb-b767-3f1a8f1211ba,93.0
2023-02-18T07:04:44.174822,adeef670-4bcd-11eb-b767-3f1a8f1211ba,93.0
2023-02-18T07:13:51.861336,adeef670-4bcd-11eb-b767-3f1a8f1211ba,93.0
2023-02-18T07:23:25.856310,adeef670-4bcd-11eb-b767-3f1a8f1211ba,91.0
2023-02-18T07:32:33.605306,adeef670-4bcd-11eb-b767-3f1a8f1211ba,91.0
2023-02-18T07:41:37.065665,adeef670-4bcd-11eb-b767-3f1a8f1211ba,93.0
2023-02-18T07:51:00.671853,adeef670-4bcd-11eb-b767-3f1a8f1211ba,93.0
2023-02-18T08:01:17.992428,adeef670-4bcd-11eb-b767-3f1a8f1211ba,93.0
2023-02-18T08:10:42.534223,adeef670-4bcd-11eb-b767-3f1a8f1211ba,93.0
2023-02-18T08:19:36.242710,adeef670-4bcd-11eb-b767-3f1a8f1211ba,92.0
2023-02-18T08:28:37.896414,adeef670-4bcd-11eb-b767-3f1a8f1211ba,92.0
2023-02-18T08:37:35.720788,adeef670-4bcd-11eb-b767-3f1a8f1211ba,92.0
2023-02-18T08:47:06.449142,adeef670-4bcd-11eb-b767-3f1a8f1211ba,92.0
2023-02-18T08:56:06.856536,adeef670-4bcd-11eb-b767-3f1a8f1211ba,89.0
2023-02-18T09:05:34.497582,adeef670-4bcd-11eb-b767-3f1a8f1211ba,93.0
2023-02-18T09:14:52.878186,adeef670-4bcd-11eb-b767-3f1a8f1211ba,93.0
2023-02-18T09:24:30.275450,adeef670-4bcd-11eb-b767-3f1a8f1211ba,89.0
2023-02-18T09:34:18.563759,adeef670-4bcd-11eb-b767-3f1a8f1211ba,90.0
2023-02-18T09:43:35.014476,adeef670-4bcd-11eb-b767-3f1a8f1211ba,91.0
2023-02-18T09:53:40.334253,adeef670-4bcd-11eb-b767-3f1a8f1211ba,93.0
2023-02-18T10:03:14.832083,adeef670-4bcd-11eb-b767-3f1a8f1211ba,92.0
2023-02-18T10:12:33.070658,adeef670-4bcd-11eb-b767-3f1a8f1211ba,92.0
2023-02-18T10:22:05.144905,adeef670-4bcd-11eb-b767-3f1a8f1211ba,93.0
2023-02-18T10:32:01.532628,adeef670-4bcd-11eb-b767-3f1a8f1211ba,93.0
2023-02-18T10:42:34.062570,adeef670-4bcd-11eb-b767-3f1a8f1211ba,91.0
2023-02-18T10:52:22.168451,adeef670-4bcd-11eb-b767-3f1a8f1211ba,93.0
2023-02-18T11:01:54.376237,adeef670-4bcd-11eb-b767-3f1a8f1211ba,91.0
2023-02-18T11:12:09.586545,adeef670-4bcd-11eb-b767-3f1a8f1211ba,93.0
2023-02-18T11:21:54.328959,adeef670-4bcd-11eb-b767-3f1a8f1211ba,93.0
2023-02-18T11:31:46.477183,adeef670-4bcd-11eb-b767-3f1a8f1211ba,91.0
2023-02-18T11:41:41.180677,adeef670-4bcd-11eb-b767-3f1a8f1211ba,93.0
2023-02-18T11:51:17.158219,adeef670-4bcd-11eb-b767-3f1a8f1211ba,93.0
2023-02-18T12:01:23.562104,adeef670-4bcd-11eb-b767-3f1a8f1211ba,93.0
2023-02-18T12:10:52.445355,adeef670-4bcd-11eb-b767-3f1a8f1211ba,91.0
2023-02-18T12:20:36.343053,adeef670-4bcd-11eb-b767-3f1a8f1211ba,93.0
2023-02-18T12:31:10.922081,adeef670-4bcd-11eb-b767-3f1a8f1211ba,92.0
2023-02-18T12:41:07.879008,adeef670-4bcd-11eb-b767-3f1a8f1211ba,93.0
2023-02-18T12:50:48.103874,adeef670-4bcd-11eb-b767-3f1a8f1211ba,93.0
2023-02-18T13:00:39.765703,adeef670-4bcd-11eb-b767-3f1a8f1211ba,91.0
2023-02-18T13:10:53.216953,adeef670-4bcd-11eb-b767-3f1a8f1211ba,93.0
2023-02-18T13:21:05.282464,adeef670-4bcd-11eb-b767-3f1a8f1211ba,93.0
2023-02-18T13:31:27.428550,adeef670-4bcd-11eb-b767-3f1a8f1211ba,93.0
2023-02-18T13:40:53.273830,adeef670-4bcd-11eb-b767-3f1a8f1211ba,89.0
2023-02-18T13:50:43.060970,adeef670-4bcd-11eb-b767-3f1a8f1211ba,91.0
2023-02-18T13:59:38.751454,adeef670-4bcd-11eb-b767-3f1a8f1211ba,93.0
2023-02-18T14:09:36.248942,adeef670-4bcd-11eb-b767-3f1a8f1211ba,91.0
2023-02-18T14:19:02.469652,adeef670-4bcd-11eb-b767-3f1a8f1211ba,92.0
2023-02-18T14:28:29.729059,adeef670-4bcd-11eb-b767-3f1a8f1211ba,92.0
2023-02-18T14:38:02.125117,adeef670-4bcd-11eb-b767-3f1a8f1211ba,92.0
2023-02-18T14:48:00.212103,adeef670-4bcd-11eb-b767-3f1a8f1211ba,91.0
2023-02-18T14:57:50.765170,adeef670-4bcd-11eb-b767-3f1a8f1211ba,88.0
2023-02-18T15:07:06.264772,adeef670-4bcd-11eb-b767-3f1a8f1211ba,91.0
2023-02-18T15:16:36.924355,adeef670-4bcd-11eb-b767-3f1a8f1211ba,93.0
2023-02-18T15:26:43.883184,adeef670-4bcd-11eb-b767-3f1a8f1211ba,93.0
2023-02-18T15:36:10.943768,adeef670-4bcd-11eb-b767-3f1a8f1211ba,93.0
2023-02-18T15:45:41.192831,adeef670-4bcd-11eb-b767-3f1a8f1211ba,91.0
2023-02-18T15:55:29.174885,adeef670-4bcd-11eb-b767-3f1a8f1211ba,91.0
2023-02-18T16:04:53.967475,adeef670-4bcd-11eb-b767-3f1a8f1211ba,93.0
2023-02-18T16:14:16.797979,adeef670-4bcd-11eb-b767-3f1a8f1211ba,92.0
2023-02-18T16:23:43.117090,adeef670-4bcd-11eb-b767-3f1a8f1211ba,92.0
2023-02-18T16:33:08.042059,adeef670-4bcd-11eb-b767-3f1a8f1211ba,89.0
2023-02-18T16:42:38.770054,adeef670-4bcd-11eb-b767-3f1a8f1211ba,93.0
2023-02-18T16:52:04.474692,adeef670-4bcd-11eb-b767-3f1a8f1211ba,93.0
2023-02-18T17:01:52.931341,adeef670-4bcd-11eb-b767-3f1a8f1211ba,91.0
2023-02-18T17:12:05.927311,adeef670-4bcd-11eb-b767-3f1a8f1211ba,93.0
2023-02-18T17:22:01.066154,adeef670-4bcd-11eb-b767-3f1a8f1211ba,91.0
2023-02-18T17:31:31.892068,adeef670-4bcd-11eb-b767-3f1a8f1211ba,93.0
2023-02-18T17:40:53.440793,adeef670-4bcd-11eb-b767-3f1a8f1211ba,91.0
2023-02-18T17:51:20.594985,adeef670-4bcd-11eb-b767-3f1a8f1211ba,91.0
2023-02-18T18:01:28.317716,adeef670-4bcd-11eb-b767-3f1a8f1211ba,93.0
2023-02-18T18:12:00.306559,adeef670-4bcd-11eb-b767-3f1a8f1211ba,91.0
2023-02-18T18:21:16.442779,adeef670-4bcd-11eb-b767-3f1a8f1211ba,91.0
2023-02-18T18:30:52.128487,adeef670-4bcd-11eb-b767-3f1a8f1211ba,92.0
2023-02-18T18:40:55.679414,adeef670-4bcd-11eb-b767-3f1a8f1211ba,92.0
2023-02-18T18:50:47.515767,adeef670-4bcd-11eb-b767-3f1a8f1211ba,92.0
2023-02-18T18:59:45.151621,adeef670-4bcd-11eb-b767-3f1a8f1211ba,92.0
2023-02-18T19:09:28.525048,adeef670-4bcd-11eb-b767-3f1a8f1211ba,93.0
2023-02-18T19:19:26.854571,adeef670-4bcd-11eb-b767-3f1a8f1211ba,91.0
2023-02-18T19:28:45.480425,adeef670-4bcd-11eb-b767-3f1a8f1211ba,93.0
2023-02-18T19:37:46.344587,adeef670-4bcd-11eb-b767-3f1a8f1211ba,91.0
2023-02-18T19:47:34.206601,adeef670-4bcd-11eb-b767-3f1a8f1211ba,92.0
2023-02-18T19:57:07.083425,adeef670-4bcd-11eb-b767-3f1a8f1211ba,93.0
2023-02-18T20:06:46.451417,adeef670-4bcd-11eb-b767-3f1a8f1211ba,92.0
2023-02-18T20:16:06.485598,adeef670-4bcd-11eb-b767-3f1a8f1211ba,92.0
2023-02-18T20:26:29.984792,adeef670-4bcd-11eb-b767-3f1a8f1211ba,93.0
2023-02-18T20:35:33.408232,adeef670-4bcd-11eb-b767-3f1a8f1211ba,92.0
2023-02-18T20:45:22.011414,adeef670-4bcd-11eb-b767-3f1a8f1211ba,90.0
2023-02-18T20:55:26.263691,adeef670-4bcd-11eb-b767-3f1a8f1211ba,93.0
2023-02-18T21:05:19.761599,adeef670-4bcd-11eb-b767-3f1a8f1211ba,93.0
2023-02-18T21:14:54.152753,adeef670-4bcd-11eb-b767-3f1a8f1211ba,93.0
2023-02-18T21:24:54.561299,adeef670-4bcd-11eb-b767-3f1a8f1211ba,92.0
2023-02-18T21:34:43.095486,adeef670-4bcd-11eb-b767-3f1a8f1211ba,93.0
2023-02-18T21:44:27.950754,adeef670-4bcd-11eb-b767-3f1a8f1211ba,91.0
2023-02-18T21:53:54.467012,adeef670-4bcd-11eb-b767-3f1a8f1211ba,92.0
2023-02-18T22:03:29.732046,adeef670-4bcd-11eb-b767-3f1a8f1211ba,91.0
2023-02-18T22:12:42.057620,adeef670-4bcd-11eb-b767-3f1a8f1211ba,91.0
2023-02-18T22:22:19.603105,adeef670-4bcd-11eb-b767-3f1a8f1211ba,93.0
2023-02-18T22:31:58.638449,adeef670-4bcd-11eb-b767-3f1a8f1211ba,93.0
2023-02-18T22:41:27.280236,adeef670-4bcd-11eb-b767-3f1a8f1211ba,91.0
2023-02-18T22:51:55.448332,adeef670-4bcd-11eb-b767-3f1a8f1211ba,91.0
2023-02-18T23:01:27.721102,adeef670-4bcd-11eb-b767-3f1a8f1211ba,91.0
2023-02-18T23:11:13.638895,adeef670-4bcd-11eb-b767-3f1a8f1211ba,93.0
2023-02-18T23:20:32.081797,adeef670-4bcd-11eb-b767-3f1a8f1211ba,91.0
2023-02-18T23:30:20.458672,adeef670-4bcd-11eb-b767-3f1a8f1211ba,91.0
2023-02-18T23:40:25.247780,adeef670-4bcd-11eb-b767-3f1a8f1211ba,93.0
2023-02-18T23:50:31.694161,adeef670-4bcd-11eb-b767-3f1a8f1211ba,93.0
2023-02-19T00:00:24.855968,adeef670-4bcd-11eb-b767-3f1a8f1211ba,93.0
2023-02-19T00:09:43.820211,adeef670-4bcd-11eb-b767-3f1a8f1211ba,91.0
2023-02-19T00:19:50.834790,adeef670-4bcd-11eb-b767-3f1a8f1211ba,93.0
2023-02-19T00:29:36.704605,adeef670-4bcd-11eb-b767-3f1a8f1211ba,91.0
2023-02-19T00:39:27.633169,adeef670-4bcd-11eb-b767-3f1a8f1211ba,91.0
2023-02-19T00:48:59.392183,adeef670-4bcd-11eb-b767-3f1a8f1211ba,93.0
2023-02-19T00:59:04.828442,adeef670-4bcd-11eb-b767-3f1a8f1211ba,93.0
2023-02-19T01:08:57.038437,adeef670-4bcd-11eb-b767-3f1a8f1211ba,93.0
2023-02-19T01:18:59.708652,adeef670-4bcd-11eb-b767-3f1a8f1211ba,91.0
2023-02-19T01:28:57.948384,adeef670-4bcd-11eb-b767-3f1a8f1211ba,93.0
2023-02-19T01:38:12.838232,adeef670-4bcd-11eb-b767-3f1a8f1211ba,93.0
2023-02-19T01:47:30.349537,adeef670-4bcd-11eb-b767-3f1a8f1211ba,92.0
2023-02-19T01:57:38.826105,adeef670-4bcd-11eb-b767-3f1a8f1211ba,93.0
2023-02-19T02:07:23.413169,adeef670-4bcd-11eb-b767-3f1a8f1211ba,93.0
2023-02-19T02:17:38.625139,adeef670-4bcd-11eb-b767-3f1a8f1211ba,93.0
2023-02-19T02:27:36.708475,adeef670-4bcd-11eb-b767-3f1a8f1211ba,93.0
2023-02-19T02:37:27.219980,adeef670-4bcd-11eb-b767-3f1a8f1211ba,93.0
2023-02-19T02:47:35.698388,adeef670-4bcd-11eb-b767-3f1a8f1211ba,92.0
2023-02-19T02:57:20.780612,adeef670-4bcd-11eb-b767-3f1a8f1211ba,92.0
2023-02-19T03:06:51.089112,adeef670-4bcd-11eb-b767-3f1a8f1211ba,92.0
2023-02-19T03:16:00.437332,adeef670-4bcd-11eb-b767-3f1a8f1211ba,91.0
2023-02-19T03:26:01.948808,adeef670-4bcd-11eb-b767-3f1a8f1211ba,93.0
2023-02-19T03:35:05.574009,adeef670-4bcd-11eb-b767-3f1a8f1211ba,91.0
2023-02-19T03:44:20.099284,adeef670-4bcd-11eb-b767-3f1a8f1211ba,93.0
2023-02-19T03:53:38.272681,adeef670-4bcd-11eb-b767-3f1a8f1211ba,93.0
2023-02-19T04:02:57.948106,adeef670-4bcd-11eb-b767-3f1a8f1211ba,93.0
2023-02-19T04:12:24.392023,adeef670-4bcd-11eb-b767-3f1a8f1211ba,91.0
2023-02-19T04:22:17.381001,adeef670-4bcd-11eb-b767-3f1a8f1211ba,93.0
2023-02-19T04:31:23.478361,adeef670-4bcd-11eb-b767-3f1a8f1211ba,91.0
2023-02-19T04:41:10.499058,adeef670-4bcd-11eb-b767-3f1a8f1211ba,93.0
2023-02-19T04:51:15.606682,adeef670-4bcd-11eb-b767-3f1a8f1211ba,93.0
2023-02-19T05:00:49.662422,adeef670-4bcd-11eb-b767-3f1a8f1211ba,93.0
2023-02-19T05:11:09.973473,adeef670-4bcd-11eb-b767-3f1a8f1211ba,91.0
2023-02-19T05:20:30.825354,adeef670-4bcd-11eb-b767-3f1a8f1211ba,92.0
2023-02-19T05:30:26.360306,adeef670-4bcd-11eb-b767-3f1a8f1211ba,89.0
2023-02-19T05:40:39.078079,adeef670-4bcd-11eb-b767-3f1a8f1211ba,93.0
2023-02-19T05:51:28.313160,adeef670-4bcd-11eb-b767-3f1a8f1211ba,93.0
2023-02-19T06:01:15.728708,adeef670-4bcd-11eb-b767-3f1a8f1211ba,90.0
2023-02-19T06:11:50.935357,adeef670-4bcd-11eb-b767-3f1a8f1211ba,93.0
2023-02-19T06:21:14.183414,adeef670-4bcd-11eb-b767-3f1a8f1211ba,92.0
2023-02-19T06:30:44.155691,adeef670-4bcd-11eb-b767-3f1a8f1211ba,93.0
2023-02-19T06:40:01.877226,adeef670-4bcd-11eb-b767-3f1a8f1211ba,91.0
2023-02-19T06:49:54.771658,adeef670-4bcd-11eb-b767-3f1a8f1211ba,92.0
2023-02-19T06:59:44.194124,adeef670-4bcd-11eb-b767-3f1a8f1211ba,93.0
2023-02-19T07:09:16.898034,adeef670-4bcd-11eb-b767-3f1a8f1211ba,91.0
2023-02-19T07:19:02.187156,adeef670-4bcd-11eb-b767-3f1a8f1211ba,93.0
2023-02-19T07:28:58.929774,adeef670-4bcd-11eb-b767-3f1a8f1211ba,91.0
2023-02-19T07:38:29.830025,adeef670-4bcd-11eb-b767-3f1a8f1211ba,93.0
2023-02-19T07:47:54.187388,adeef670-4bcd-11eb-b767-3f1a8f1211ba,89.0
2023-02-19T07:58:02.642795,adeef670-4bcd-11eb-b767-3f1a8f1211ba,93.0
2023-02-19T08:07:38.466908,adeef670-4bcd-11eb-b767-3f1a8f1211ba,93.0
2023-02-19T08:17:38.203906,adeef670-4bcd-11eb-b767-3f1a8f1211ba,93.0
2023-02-19T08:27:19.468141,adeef670-4bcd-11eb-b767-3f1a8f1211ba,93.0
2023-02-19T08:36:41.912086,adeef670-4bcd-11eb-b767-3f1a8f1211ba,92.0
2023-02-19T08:46:06.593922,adeef670-4bcd-11eb-b767-3f1a8f1211ba,93.0
2023-02-19T08:56:05.101320,adeef670-4bcd-11eb-b767-3f1a8f1211ba,93.0
2023-02-19T09:06:16.711063,adeef670-4bcd-11eb-b767-3f1a8f1211ba,93.0
2023-02-19T09:16:39.455346,adeef670-4bcd-11eb-b767-3f1a8f1211ba,91.0
2023-02-19T09:26:14.246360,adeef670-4bcd-11eb-b767-3f1a8f1211ba,93.0
2023-02-19T09:35:53.661965,adeef670-4bcd-11eb-b767-3f1a8f1211ba,93.0
2023-02-19T09:45:08.092949,adeef670-4bcd-11eb-b767-3f1a8f1211ba,93.0
2023-02-19T09:54:19.852360,adeef670-4bcd-11eb-b767-3f1a8f1211ba,92.0
2023-02-19T10:03:50.202517,adeef670-4bcd-11eb-b767-3f1a8f1211ba,93.0
2023-02-19T10:13:54.099082,adeef670-4bcd-11eb-b767-3f1a8f1211ba,93.0
2023-02-19T10:23:28.418647,adeef670-4bcd-11eb-b767-3f1a8f1211ba,93.0
2023-02-19T10:32:58.595301,adeef670-4bcd-11eb-b767-3f1a8f1211ba,90.0
2023-02-19T10:42:09.608540,adeef670-4bcd-11eb-b767-3f1a8f1211ba,92.0
2023-02-19T10:52:30.914330,adeef670-4bcd-11eb-b767-3f1a8f1211ba,93.0
2023-02-19T11:02:14.949111,adeef670-4bcd-11eb-b767-3f1a8f1211ba,92.0
2023-02-19T11:11:45.371030,adeef670-4bcd-11eb-b767-3f1a8f1211ba,91.0
2023-02-19T11:21:19.026639,adeef670-4bcd-11eb-b767-3f1a8f1211ba,93.0
2023-02-19T11:30:33.102360,adeef670-4bcd-11eb-b767-3f1a8f1211ba,91.0
2023-02-19T11:39:51.222254,adeef670-4bcd-11eb-b767-3f1a8f1211ba,91.0
2023-02-19T11:49:57.934883,adeef670-4bcd-11eb-b767-3f1a8f1211ba,91.0
2023-02-19T11:59:54.214506,adeef670-4bcd-11eb-b767-3f1a8f1211ba,93.0
2023-02-19T12:09:26.900374,adeef670-4bcd-11eb-b767-3f1a8f1211ba,93.0
2023-02-19T12:19:22.584826,adeef670-4bcd-11eb-b767-3f1a8f1211ba,93.0
2023-02-19T12:28:51.036170,adeef670-4bcd-11eb-b767-3f1a8f1211ba,93.0
2023-02-19T12:38:21.720067,adeef670-4bcd-11eb-b767-3f1a8f1211ba,92.0
2023-02-19T12:48:18.413297,adeef670-4bcd-11eb-b767-3f1a8f1211ba,92.0
2023-02-19T12:57:51.810915,adeef670-4bcd-11eb-b767-3f1a8f1211ba,92.0
2023-02-19T13:06:55.977991,adeef670-4bcd-11eb-b767-3f1a8f1211ba,93.0
2023-02-19T13:17:12.473425,adeef670-4bcd-11eb-b767-3f1a8f1211ba,91.0
2023-02-19T13:27:33.352942,adeef670-4bcd-11eb-b767-3f1a8f1211ba,92.0
2023-02-19T13:37:36.923781,adeef670-4bcd-11eb-b767-3f1a8f1211ba,92.0
2023-02-19T13:46:41.461189,adeef670-4bcd-11eb-b767-3f1a8f1211ba,90.0
2023-02-19T13:56:35.721918,adeef670-4bcd-11eb-b767-3f1a8f1211ba,93.0
2023-02-19T14:06:37.520946,adeef670-4bcd-11eb-b767-3f1a8f1211ba,93.0
2023-02-19T14:15:51.243112,adeef670-4bcd-11eb-b767-3f1a8f1211ba,92.0
2023-02-19T14:26:35.072480,adeef670-4bcd-11eb-b767-3f1a8f1211ba,93.0
2023-02-19T14:37:02.074038,adeef670-4bcd-11eb-b767-3f1a8f1211ba,91.0
2023-02-19T14:46:58.626454,adeef670-4bcd-11eb-b767-3f1a8f1211ba,93.0
2023-02-19T14:56:15.855894,adeef670-4bcd-11eb-b767-3f1a8f1211ba,93.0
2023-02-19T15:06:00.743660,adeef670-4bcd-11eb-b767-3f1a8f1211ba,91.0
2023-02-19T15:15:19.861728,adeef670-4bcd-11eb-b767-3f1a8f1211ba,90.0
2023-02-19T15:25:29.449137,adeef670-4bcd-11eb-b767-3f1a8f1211ba,93.0
2023-02-19T15:35:23.272304,adeef670-4bcd-11eb-b767-3f1a8f1211ba,89.0
2023-02-19T15:44:29.118792,adeef670-4bcd-11eb-b767-3f1a8f1211ba,92.0
2023-02-19T15:54:38.574045,adeef670-4bcd-11eb-b767-3f1a8f1211ba,92.0
2023-02-19T16:04:22.221608,adeef670-4bcd-11eb-b767-3f1a8f1211ba,93.0
2023-02-19T16:14:31.249853,adeef670-4bcd-11eb-b767-3f1a8f1211ba,91.0
2023-02-19T16:24:19.579375,adeef670-4bcd-11eb-b767-3f1a8f1211ba,90.0
2023-02-19T16:33:35.884008,adeef670-4bcd-11eb-b767-3f1a8f1211ba,91.0
2023-02-19T16:42:55.084411,adeef670-4bcd-11eb-b767-3f1a8f1211ba,91.0
2023-02-19T16:53:03.682242,adeef670-4bcd-11eb-b767-3f1a8f1211ba,93.0
2023-02-19T17:02:45.084061,adeef670-4bcd-11eb-b767-3f1a8f1211ba,93.0
2023-02-19T17:11:44.313810,adeef670-4bcd-11eb-b767-3f1a8f1211ba,93.0
2023-02-19T17:21:04.803184,adeef670-4bcd-11eb-b767-3f1a8f1211ba,93.0
2023-02-19T17:30:09.763048,adeef670-4bcd-11eb-b767-3f1a8f1211ba,91.0
2023-02-19T17:39:58.372068,adeef670-4bcd-11eb-b767-3f1a8f1211ba,91.0
2023-02-19T17:49:13.690028,adeef670-4bcd-11eb-b767-3f1a8f1211ba,93.0
2023-02-19T17:59:51.275933,adeef670-4bcd-11eb-b767-3f1a8f1211ba,93.0
2023-02-19T18:09:17.309150,adeef670-4bcd-11eb-b767-3f1a8f1211ba,92.0
2023-02-19T18:18:52.074720,adeef670-4bcd-11eb-b767-3f1a8f1211ba,92.0
2023-02-19T18:28:48.946901,adeef670-4bcd-11eb-b767-3f1a8f1211ba,89.0
2023-02-19T18:37:59.021751,adeef670-4bcd-11eb-b767-3f1a8f1211ba,93.0
2023-02-19T18:47:53.361724,adeef670-4bcd-11eb-b767-3f1a8f1211ba,91.0
2023-02-19T18:57:50.431456,adeef670-4bcd-11eb-b767-3f1a8f1211ba,92.0
2023-02-19T19:07:22.993342,adeef670-4bcd-11eb-b767-3f1a8f1211ba,91.0
2023-02-19T19:16:40.541307,adeef670-4bcd-11eb-b767-3f1a8f1211ba,93.0
2023-02-19T19:25:49.103907,adeef670-4bcd-11eb-b767-3f1a8f1211ba,91.0
2023-02-19T19:35:21.100118,adeef670-4bcd-11eb-b767-3f1a8f1211ba,92.0
2023-02-19T19:44:33.411493,adeef670-4bcd-11eb-b767-3f1a8f1211ba,93.0
2023-02-19T19:54:24.031319,adeef670-4bcd-11eb-b767-3f1a8f1211ba,93.0
2023-02-19T20:03:48.530462,adeef670-4bcd-11eb-b767-3f1a8f1211ba,93.0
2023-02-19T20:13:06.041583,adeef670-4bcd-11eb-b767-3f1a8f1211ba,93.0
2023-02-19T20:23:26.780106,adeef670-4bcd-11eb-b767-3f1a8f1211ba,92.0
2023-02-19T20:33:03.298661,adeef670-4bcd-11eb-b767-3f1a8f1211ba,92.0
2023-02-19T20:42:16.650804,adeef670-4bcd-11eb-b767-3f1a8f1211ba,93.0
2023-02-19T20:51:13.550958,adeef670-4bcd-11eb-b767-3f1a8f1211ba,91.0
2023-02-19T21:00:58.099147,adeef670-4bcd-11eb-b767-3f1a8f1211ba,93.0
2023-02-19T21:10:08.474265,adeef670-4bcd-11eb-b767-3f1a8f1211ba,91.0
2023-02-19T21:20:02.466395,adeef670-4bcd-11eb-b767-3f1a8f1211ba,91.0
2023-02-19T21:29:19.894246,adeef670-4bcd-11eb-b767-3f1a8f1211ba,91.0
2023-02-19T21:38:52.478508,adeef670-4bcd-11eb-b767-3f1a8f1211ba,91.0
2023-02-19T21:49:10.562538,adeef670-4bcd-11eb-b767-3f1a8f1211ba,93.0
2023-02-19T21:58:49.298060,adeef670-4bcd-11eb-b767-3f1a8f1211ba,90.0
2023-02-19T22:09:09.978509,adeef670-4bcd-11eb-b767-3f1a8f1211ba,93.0
2023-02-19T22:18:40.697161,adeef670-4bcd-11eb-b767-3f1a8f1211ba,92.0
2023-02-19T22:28:08.568353,adeef670-4bcd-11eb-b767-3f1a8f1211ba,90.0
2023-02-19T22:38:09.488779,adeef670-4bcd-11eb-b767-3f1a8f1211ba,93.0
2023-02-19T22:47:18.162756,adeef670-4bcd-11eb-b767-3f1a8f1211ba,91.0
2023-02-19T22:56:51.344972,adeef670-4bcd-11eb-b767-3f1a8f1211ba,91.0
2023-02-19T23:06:57.968911,adeef670-4bcd-11eb-b767-3f1a8f1211ba,92.0
2023-02-19T23:16:08.729616,adeef670-4bcd-11eb-b767-3f1a8f1211ba,92.0
2023-02-19T23:25:54.857707,adeef670-4bcd-11eb-b767-3f1a8f1211ba,93.0
2023-02-19T23:35:30.771199,adeef670-4bcd-11eb-b767-3f1a8f1211ba,93.0
2023-02-19T23:45:31.041512,adeef670-4bcd-11eb-b767-3f1a8f1211ba,93.0
2023-02-19T23:54:52.870347,adeef670-4bcd-11eb-b767-3f1a8f1211ba,91.0
2023-02-20T00:04:14.383153,adeef670-4bcd-11eb-b767-3f1a8f1211ba,93.0
2023-02-20T00:23:13.351110,adeef670-4bcd-11eb-b767-3f1a8f1211ba,91.0
2023-02-20T00:32:24.697238,adeef670-4bcd-11eb-b767-3f1a8f1211ba,93.0
2023-02-20T00:41:48.329342,adeef670-4bcd-11eb-b767-3f1a8f1211ba,92.0
2023-02-20T00:51:36.961665,adeef670-4bcd-11eb-b767-3f1a8f1211ba,93.0
2023-02-20T01:01:22.683370,adeef670-4bcd-11eb-b767-3f1a8f1211ba,93.0
2023-02-20T01:11:15.489904,adeef670-4bcd-11eb-b767-3f1a8f1211ba,91.0
2023-02-20T01:20:50.558265,adeef670-4bcd-11eb-b767-3f1a8f1211ba,93.0
2023-02-20T01:31:36.739342,adeef670-4bcd-11eb-b767-3f1a8f1211ba,91.0
2023-02-20T01:41:31.901616,adeef670-4bcd-11eb-b767-3f1a8f1211ba,93.0
2023-02-20T01:51:31.036580,adeef670-4bcd-11eb-b767-3f1a8f1211ba,93.0
2023-02-20T02:01:19.898527,adeef670-4bcd-11eb-b767-3f1a8f1211ba,93.0
2023-02-20T02:11:07.556000,adeef670-4bcd-11eb-b767-3f1a8f1211ba,93.0
2023-02-20T02:20:28.055995,adeef670-4bcd-11eb-b767-3f1a8f1211ba,93.0
2023-02-20T02:30:03.546953,adeef670-4bcd-11eb-b767-3f1a8f1211ba,91.0
2023-02-20T02:40:13.345483,adeef670-4bcd-11eb-b767-3f1a8f1211ba,91.0
2023-02-20T02:50:08.428828,adeef670-4bcd-11eb-b767-3f1a8f1211ba,91.0
2023-02-20T03:00:01.623403,adeef670-4bcd-11eb-b767-3f1a8f1211ba,92.0
2023-02-20T03:09:17.827593,adeef670-4bcd-11eb-b767-3f1a8f1211ba,91.0
2023-02-20T03:18:21.032949,adeef670-4bcd-11eb-b767-3f1a8f1211ba,89.0
2023-02-20T03:28:29.595626,adeef670-4bcd-11eb-b767-3f1a8f1211ba,90.0
2023-02-20T03:38:21.279923,adeef670-4bcd-11eb-b767-3f1a8f1211ba,93.0
2023-02-20T03:48:04.779432,adeef670-4bcd-11eb-b767-3f1a8f1211ba,91.0
2023-02-20T03:56:57.852448,adeef670-4bcd-11eb-b767-3f1a8f1211ba,93.0
2023-02-20T04:06:38.580023,adeef670-4bcd-11eb-b767-3f1a8f1211ba,88.0
2023-02-20T04:16:09.931322,adeef670-4bcd-11eb-b767-3f1a8f1211ba,93.0
2023-02-20T04:26:18.793656,adeef670-4bcd-11eb-b767-3f1a8f1211ba,91.0
2023-02-20T04:36:10.917933,adeef670-4bcd-11eb-b767-3f1a8f1211ba,91.0
2023-02-20T04:45:58.513657,adeef670-4bcd-11eb-b767-3f1a8f1211ba,93.0
2023-02-20T04:55:33.035004,adeef670-4bcd-11eb-b767-3f1a8f1211ba,93.0
2023-02-20T05:05:18.651856,adeef670-4bcd-11eb-b767-3f1a8f1211ba,92.0
2023-02-20T05:15:15.971949,adeef670-4bcd-11eb-b767-3f1a8f1211ba,93.0
2023-02-20T05:24:46.364315,adeef670-4bcd-11eb-b767-3f1a8f1211ba,93.0
2023-02-20T05:34:12.252986,adeef670-4bcd-11eb-b767-3f1a8f1211ba,89.0
2023-02-20T05:44:07.875836,adeef670-4bcd-11eb-b767-3f1a8f1211ba,93.0
2023-02-20T05:54:13.905302,adeef670-4bcd-11eb-b767-3f1a8f1211ba,93.0
2023-02-20T06:03:37.362295,adeef670-4bcd-11eb-b767-3f1a8f1211ba,91.0
2023-02-20T06:13:49.749057,adeef670-4bcd-11eb-b767-3f1a8f1211ba,91.0
2023-02-20T06:23:36.945760,adeef670-4bcd-11eb-b767-3f1a8f1211ba,93.0
2023-02-20T06:33:47.533651,adeef670-4bcd-11eb-b767-3f1a8f1211ba,93.0
2023-02-20T06:43:26.468000,adeef670-4bcd-11eb-b767-3f1a8f1211ba,93.0
2023-02-20T06:53:28.150204,adeef670-4bcd-11eb-b767-3f1a8f1211ba,93.0
2023-02-20T07:03:23.156249,adeef670-4bcd-11eb-b767-3f1a8f1211ba,89.0
2023-02-20T07:12:59.170939,adeef670-4bcd-11eb-b767-3f1a8f1211ba,93.0
2023-02-20T07:22:39.925088,adeef670-4bcd-11eb-b767-3f1a8f1211ba,93.0
2023-02-20T07:32:41.191784,adeef670-4bcd-11eb-b767-3f1a8f1211ba,93.0
2023-02-20T07:42:28.016658,adeef670-4bcd-11eb-b767-3f1a8f1211ba,92.0
2023-02-20T07:51:16.572425,adeef670-4bcd-11eb-b767-3f1a8f1211ba,92.0
2023-02-20T08:01:25.398823,adeef670-4bcd-11eb-b767-3f1a8f1211ba,91.0
2023-02-20T08:10:48.297571,adeef670-4bcd-11eb-b767-3f1a8f1211ba,89.0
2023-02-20T08:20:32.968062,adeef670-4bcd-11eb-b767-3f1a8f1211ba,92.0
2023-02-20T08:30:03.322264,adeef670-4bcd-11eb-b767-3f1a8f1211ba,92.0
2023-02-20T08:39:55.476613,adeef670-4bcd-11eb-b767-3f1a8f1211ba,93.0
2023-02-20T08:49:45.429573,adeef670-4bcd-11eb-b767-3f1a8f1211ba,93.0
2023-02-20T08:58:52.575017,adeef670-4bcd-11eb-b767-3f1a8f1211ba,91.0
2023-02-20T09:08:35.517844,adeef670-4bcd-11eb-b767-3f1a8f1211ba,93.0
2023-02-20T09:18:08.068330,adeef670-4bcd-11eb-b767-3f1a8f1211ba,90.0
2023-02-20T09:28:31.905534,adeef670-4bcd-11eb-b767-3f1a8f1211ba,92.0
2023-02-20T09:38:01.268212,adeef670-4bcd-11eb-b767-3f1a8f1211ba,93.0
2023-02-20T09:48:02.554537,adeef670-4bcd-11eb-b767-3f1a8f1211ba,93.0
2023-02-20T09:57:54.827257,adeef670-4bcd-11eb-b767-3f1a8f1211ba,93.0
2023-02-20T10:08:01.791556,adeef670-4bcd-11eb-b767-3f1a8f1211ba,91.0
2023-02-20T10:17:45.637602,adeef670-4bcd-11eb-b767-3f1a8f1211ba,91.0
2023-02-20T10:26:44.175368,adeef670-4bcd-11eb-b767-3f1a8f1211ba,91.0
2023-02-20T10:36:04.660999,adeef670-4bcd-11eb-b767-3f1a8f1211ba,90.0
2023-02-20T10:46:11.186654,adeef670-4bcd-11eb-b767-3f1a8f1211ba,91.0
2023-02-20T10:55:41.010756,adeef670-4bcd-11eb-b767-3f1a8f1211ba,91.0
2023-02-20T11:04:59.396027,adeef670-4bcd-11eb-b767-3f1a8f1211ba,93.0
2023-02-20T11:14:41.642264,adeef670-4bcd-11eb-b767-3f1a8f1211ba,91.0
2023-02-20T11:24:06.381574,adeef670-4bcd-11eb-b767-3f1a8f1211ba,93.0
2023-02-20T11:33:40.784483,adeef670-4bcd-11eb-b767-3f1a8f1211ba,93.0
2023-02-20T11:43:15.916499,adeef670-4bcd-11eb-b767-3f1a8f1211ba,93.0
2023-02-20T11:52:56.657142,adeef670-4bcd-11eb-b767-3f1a8f1211ba,89.0
2023-02-20T12:02:54.735681,adeef670-4bcd-11eb-b767-3f1a8f1211ba,93.0
2023-02-20T12:12:56.047507,adeef670-4bcd-11eb-b767-3f1a8f1211ba,93.0
2023-02-20T12:22:25.998234,adeef670-4bcd-11eb-b767-3f1a8f1211ba,90.0
2023-02-20T12:31:52.329616,adeef670-4bcd-11eb-b767-3f1a8f1211ba,91.0
2023-02-20T12:42:08.797076,adeef670-4bcd-11eb-b767-3f1a8f1211ba,93.0
2023-02-20T12:52:10.505035,adeef670-4bcd-11eb-b767-3f1a8f1211ba,93.0
2023-02-20T13:02:04.488595,adeef670-4bcd-11eb-b767-3f1a8f1211ba,92.0
2023-02-20T13:11:57.192660,adeef670-4bcd-11eb-b767-3f1a8f1211ba,92.0
2023-02-20T13:21:39.860243,adeef670-4bcd-11eb-b767-3f1a8f1211ba,91.0
2023-02-20T13:30:56.115426,adeef670-4bcd-11eb-b767-3f1a8f1211ba,93.0
2023-02-20T13:40:08.908579,adeef670-4bcd-11eb-b767-3f1a8f1211ba,89.0
2023-02-20T13:50:07.084393,adeef670-4bcd-11eb-b767-3f1a8f1211ba,93.0
2023-02-20T14:00:13.622153,adeef670-4bcd-11eb-b767-3f1a8f1211ba,91.0
2023-02-20T14:09:37.756348,adeef670-4bcd-11eb-b767-3f1a8f1211ba,93.0
2023-02-20T14:19:07.704637,adeef670-4bcd-11eb-b767-3f1a8f1211ba,92.0
2023-02-20T14:28:42.629370,adeef670-4bcd-11eb-b767-3f1a8f1211ba,91.0
2023-02-20T14:38:06.769068,adeef670-4bcd-11eb-b767-3f1a8f1211ba,91.0
2023-02-20T14:47:55.833830,adeef670-4bcd-11eb-b767-3f1a8f1211ba,93.0
2023-02-20T14:58:00.246856,adeef670-4bcd-11eb-b767-3f1a8f1211ba,90.0
2023-02-20T15:08:18.082052,adeef670-4bcd-11eb-b767-3f1a8f1211ba,93.0
2023-02-20T15:18:22.203510,adeef670-4bcd-11eb-b767-3f1a8f1211ba,92.0
2023-02-20T15:28:49.306749,adeef670-4bcd-11eb-b767-3f1a8f1211ba,92.0
2023-02-20T15:38:22.228894,adeef670-4bcd-11eb-b767-3f1a8f1211ba,93.0
2023-02-20T15:48:18.069759,adeef670-4bcd-11eb-b767-3f1a8f1211ba,93.0
2023-02-20T15:57:56.095067,adeef670-4bcd-11eb-b767-3f1a8f1211ba,92.0
2023-02-20T16:07:57.716650,adeef670-4bcd-11eb-b767-3f1a8f1211ba,93.0
2023-02-20T16:17:19.062734,adeef670-4bcd-11eb-b767-3f1a8f1211ba,91.0
2023-02-20T16:27:01.276874,adeef670-4bcd-11eb-b767-3f1a8f1211ba,93.0
2023-02-20T16:36:33.573545,adeef670-4bcd-11eb-b767-3f1a8f1211ba,93.0
2023-02-20T16:46:42.465126,adeef670-4bcd-11eb-b767-3f1a8f1211ba,93.0
2023-02-20T16:56:13.015172,adeef670-4bcd-11eb-b767-3f1a8f1211ba,93.0
2023-02-20T17:05:54.415452,adeef670-4bcd-11eb-b767-3f1a8f1211ba,92.0
2023-02-20T17:15:45.869293,adeef670-4bcd-11eb-b767-3f1a8f1211ba,93.0
2023-02-20T17:24:57.325867,adeef670-4bcd-11eb-b767-3f1a8f1211ba,90.0
2023-02-20T17:34:31.914780,adeef670-4bcd-11eb-b767-3f1a8f1211ba,93.0
2023-02-20T17:44:38.826058,adeef670-4bcd-11eb-b767-3f1a8f1211ba,92.0
2023-02-20T17:54:32.763275,adeef670-4bcd-11eb-b767-3f1a8f1211ba,93.0
2023-02-20T18:04:09.330254,adeef670-4bcd-11eb-b767-3f1a8f1211ba,91.0
2023-02-20T18:14:27.918744,adeef670-4bcd-11eb-b767-3f1a8f1211ba,93.0
2023-02-20T18:23:50.796190,adeef670-4bcd-11eb-b767-3f1a8f1211ba,91.0
2023-02-20T18:34:22.188418,adeef670-4bcd-11eb-b767-3f1a8f1211ba,92.0
2023-02-20T18:44:02.253037,adeef670-4bcd-11eb-b767-3f1a8f1211ba,91.0
2023-02-20T18:54:00.630390,adeef670-4bcd-11eb-b767-3f1a8f1211ba,93.0
2023-02-20T19:03:43.883786,adeef670-4bcd-11eb-b767-3f1a8f1211ba,92.0
2023-02-20T19:13:20.602202,adeef670-4bcd-11eb-b767-3f1a8f1211ba,93.0
2023-02-20T19:22:51.099415,adeef670-4bcd-11eb-b767-3f1a8f1211ba,93.0
2023-02-20T19:33:08.865519,adeef670-4bcd-11eb-b767-3f1a8f1211ba,93.0
2023-02-20T19:42:45.537294,adeef670-4bcd-11eb-b767-3f1a8f1211ba,91.0
2023-02-20T19:53:12.145381,adeef670-4bcd-11eb-b767-3f1a8f1211ba,92.0
2023-02-20T20:02:36.437357,adeef670-4bcd-11eb-b767-3f1a8f1211ba,89.0
2023-02-20T20:12:10.672444,adeef670-4bcd-11eb-b767-3f1a8f1211ba,91.0
2023-02-20T20:21:31.599978,adeef670-4bcd-11eb-b767-3f1a8f1211ba,93.0
2023-02-20T20:31:43.707167,adeef670-4bcd-11eb-b767-3f1a8f1211ba,92.0
2023-02-20T20:41:18.763304,adeef670-4bcd-11eb-b767-3f1a8f1211ba,90.0
2023-02-20T20:51:05.781007,adeef670-4bcd-11eb-b767-3f1a8f1211ba,92.0
2023-02-20T21:00:34.661749,adeef670-4bcd-11eb-b767-3f1a8f1211ba,91.0
2023-02-20T21:10:36.054689,adeef670-4bcd-11eb-b767-3f1a8f1211ba,91.0
2023-02-20T21:20:23.278820,adeef670-4bcd-11eb-b767-3f1a8f1211ba,90.0
2023-02-20T21:30:10.952358,adeef670-4bcd-11eb-b767-3f1a8f1211ba,91.0
2023-02-20T21:40:57.811010,adeef670-4bcd-11eb-b767-3f1a8f1211ba,93.0
2023-02-20T21:50:19.704076,adeef670-4bcd-11eb-b767-3f1a8f1211ba,91.0
2023-02-20T21:59:55.803982,adeef670-4bcd-11eb-b767-3f1a8f1211ba,93.0
2023-02-20T22:09:48.515551,adeef670-4bcd-11eb-b767-3f1a8f1211ba,93.0
2023-02-20T22:19:37.914856,adeef670-4bcd-11eb-b767-3f1a8f1211ba,92.0
2023-02-20T22:30:03.837491,adeef670-4bcd-11eb-b767-3f1a8f1211ba,93.0
2023-02-20T22:40:00.775927,adeef670-4bcd-11eb-b767-3f1a8f1211ba,93.0
2023-02-20T22:49:46.033153,adeef670-4bcd-11eb-b767-3f1a8f1211ba,93.0
2023-02-20T22:59:09.596114,adeef670-4bcd-11eb-b767-3f1a8f1211ba,93.0
2023-02-20T23:08:45.682277,adeef670-4bcd-11eb-b767-3f1a8f1211ba,92.0
2023-02-20T23:18:40.639421,adeef670-4bcd-11eb-b767-3f1a8f1211ba,93.0
2023-02-20T23:28:02.178295,adeef670-4bcd-11eb-b767-3f1a8f1211ba,91.0
2023-02-20T23:37:28.937495,adeef670-4bcd-11eb-b767-3f1a8f1211ba,90.0
2023-02-20T23:47:43.832371,adeef670-4bcd-11eb-b767-3f1a8f1211ba,93.0
2023-02-20T23:56:59.307457,adeef670-4bcd-11eb-b767-3f1a8f1211ba,91.0
2023-02-21T00:06:33.784470,adeef670-4bcd-11eb-b767-3f1a8f1211ba,93.0
2023-02-21T00:16:31.902705,adeef670-4bcd-11eb-b767-3f1a8f1211ba,89.0
2023-02-21T00:26:03.718306,adeef670-4bcd-11eb-b767-3f1a8f1211ba,92.0
2023-02-21T00:35:31.095551,adeef670-4bcd-11eb-b767-3f1a8f1211ba,91.0
2023-02-21T00:44:59.717944,adeef670-4bcd-11eb-b767-3f1a8f1211ba,91.0
2023-02-21T00:54:23.816602,adeef670-4bcd-11eb-b767-3f1a8f1211ba,91.0
2023-02-21T01:03:26.938533,adeef670-4bcd-11eb-b767-3f1a8f1211ba,91.0
2023-02-21T01:13:33.862152,adeef670-4bcd-11eb-b767-3f1a8f1211ba,93.0
2023-02-21T01:23:26.833548,adeef670-4bcd-11eb-b767-3f1a8f1211ba,93.0
2023-02-21T01:33:20.060786,adeef670-4bcd-11eb-b767-3f1a8f1211ba,93.0
2023-02-21T01:43:29.470289,adeef670-4bcd-11eb-b767-3f1a8f1211ba,91.0
2023-02-21T01:53:32.202207,adeef670-4bcd-11eb-b767-3f1a8f1211ba,91.0
2023-02-21T02:03:41.829114,adeef670-4bcd-11eb-b767-3f1a8f1211ba,91.0
2023-02-21T02:13:25.820368,adeef670-4bcd-11eb-b767-3f1a8f1211ba,93.0
2023-02-21T02:23:12.752611,adeef670-4bcd-11eb-b767-3f1a8f1211ba,93.0
2023-02-21T02:32:29.686805,adeef670-4bcd-11eb-b767-3f1a8f1211ba,91.0
2023-02-21T02:43:01.291257,adeef670-4bcd-11eb-b767-3f1a8f1211ba,93.0
2023-02-21T02:52:11.820462,adeef670-4bcd-11eb-b767-3f1a8f1211ba,93.0
2023-02-21T03:01:42.064760,adeef670-4bcd-11eb-b767-3f1a8f1211ba,93.0
2023-02-21T03:11:50.978091,adeef670-4bcd-11eb-b767-3f1a8f1211ba,92.0
2023-02-21T03:21:15.235999,adeef670-4bcd-11eb-b767-3f1a8f1211ba,92.0
2023-02-21T03:30:42.797013,adeef670-4bcd-11eb-b767-3f1a8f1211ba,92.0
2023-02-21T03:40:31.086407,adeef670-4bcd-11eb-b767-3f1a8f1211ba,93.0
2023-02-21T03:50:40.480752,adeef670-4bcd-11eb-b767-3f1a8f1211ba,91.0
2023-02-21T04:00:49.663792,adeef670-4bcd-11eb-b767-3f1a8f1211ba,92.0
2023-02-21T04:10:57.555121,adeef670-4bcd-11eb-b767-3f1a8f1211ba,92.0
2023-02-21T04:20:39.954406,adeef670-4bcd-11eb-b767-3f1a8f1211ba,93.0
2023-02-21T04:30:44.440108,adeef670-4bcd-11eb-b767-3f1a8f1211ba,93.0
2023-02-21T04:40:30.061692,adeef670-4bcd-11eb-b767-3f1a8f1211ba,91.0
2023-02-21T04:50:41.369075,adeef670-4bcd-11eb-b767-3f1a8f1211ba,93.0
2023-02-21T05:00:31.424724,adeef670-4bcd-11eb-b767-3f1a8f1211ba,93.0
2023-02-21T05:10:45.787673,adeef670-4bcd-11eb-b767-3f1a8f1211ba,91.0
2023-02-21T05:21:02.111952,adeef670-4bcd-11eb-b767-3f1a8f1211ba,91.0
2023-02-21T05:30:28.563653,adeef670-4bcd-11eb-b767-3f1a8f1211ba,93.0
2023-02-21T05:39:56.136223,adeef670-4bcd-11eb-b767-3f1a8f1211ba,93.0
2023-02-21T05:48:44.099519,adeef670-4bcd-11eb-b767-3f1a8f1211ba,92.0
2023-02-21T05:58:13.554531,adeef670-4bcd-11eb-b767-3f1a8f1211ba,92.0
2023-02-21T06:08:10.928131,adeef670-4bcd-11eb-b767-3f1a8f1211ba,89.0
2023-02-21T06:18:28.556724,adeef670-4bcd-11eb-b767-3f1a8f1211ba,93.0
2023-02-21T06:28:15.979399,adeef670-4bcd-11eb-b767-3f1a8f1211ba,93.0
2023-02-21T06:38:13.587844,adeef670-4bcd-11eb-b767-3f1a8f1211ba,93.0
2023-02-21T06:47:57.221643,adeef670-4bcd-11eb-b767-3f1a8f1211ba,92.0
2023-02-21T06:58:06.046803,adeef670-4bcd-11eb-b767-3f1a8f1211ba,93.0
2023-02-21T07:08:17.803311,adeef670-4bcd-11eb-b767-3f1a8f1211ba,90.0
2023-02-21T07:18:27.079531,adeef670-4bcd-11eb-b767-3f1a8f1211ba,93.0
2023-02-21T07:28:05.155149,adeef670-4bcd-11eb-b767-3f1a8f1211ba,91.0
2023-02-21T07:37:28.354226,adeef670-4bcd-11eb-b767-3f1a8f1211ba,93.0
2023-02-21T07:47:11.633618,adeef670-4bcd-11eb-b767-3f1a8f1211ba,92.0
2023-02-21T07:57:32.856099,adeef670-4bcd-11eb-b767-3f1a8f1211ba,93.0
2023-02-21T08:06:37.739434,adeef670-4bcd-11eb-b767-3f1a8f1211ba,93.0
2023-02-21T08:16:49.137872,adeef670-4bcd-11eb-b767-3f1a8f1211ba,93.0
2023-02-21T08:26:24.416281,adeef670-4bcd-11eb-b767-3f1a8f1211ba,88.0
2023-02-21T08:36:06.473055,adeef670-4bcd-11eb-b767-3f1a8f1211ba,93.0
2023-02-21T08:45:47.780141,adeef670-4bcd-11eb-b767-3f1a8f1211ba,92.0
2023-02-21T08:55:28.759719,adeef670-4bcd-11eb-b767-3f1a8f1211ba,93.0
2023-02-21T09:04:45.979718,adeef670-4bcd-11eb-b767-3f1a8f1211ba,93.0
2023-02-21T09:14:40.893273,adeef670-4bcd-11eb-b767-3f1a8f1211ba,93.0
2023-02-21T09:24:48.927539,adeef670-4bcd-11eb-b767-3f1a8f1211ba,93.0
2023-02-21T09:33:55.670349,adeef670-4bcd-11eb-b767-3f1a8f1211ba,91.0
2023-02-21T09:43:58.445490,adeef670-4bcd-11eb-b767-3f1a8f1211ba,93.0
2023-02-21T09:54:19.910545,adeef670-4bcd-11eb-b767-3f1a8f1211ba,92.0
2023-02-21T10:04:02.331506,adeef670-4bcd-11eb-b767-3f1a8f1211ba,92.0
2023-02-21T10:13:46.909787,adeef670-4bcd-11eb-b767-3f1a8f1211ba,92.0
2023-02-21T10:23:43.630367,adeef670-4bcd-11eb-b767-3f1a8f1211ba,93.0
2023-02-21T10:34:09.507431,adeef670-4bcd-11eb-b767-3f1a8f1211ba,93.0
2023-02-21T10:44:09.196199,adeef670-4bcd-11eb-b767-3f1a8f1211ba,91.0
2023-02-21T10:53:51.382388,adeef670-4bcd-11eb-b767-3f1a8f1211ba,91.0
2023-02-21T11:03:44.865553,adeef670-4bcd-11eb-b767-3f1a8f1211ba,93.0
2023-02-21T11:13:42.161378,adeef670-4bcd-11eb-b767-3f1a8f1211ba,93.0
2023-02-21T11:22:45.963282,adeef670-4bcd-11eb-b767-3f1a8f1211ba,93.0
2023-02-21T11:33:10.615712,adeef670-4bcd-11eb-b767-3f1a8f1211ba,93.0
2023-02-21T11:42:59.023413,adeef670-4bcd-11eb-b767-3f1a8f1211ba,91.0
2023-02-21T11:52:48.986341,adeef670-4bcd-11eb-b767-3f1a8f1211ba,90.0
2023-02-21T12:02:36.076029,adeef670-4bcd-11eb-b767-3f1a8f1211ba,91.0
2023-02-21T12:12:17.841854,adeef670-4bcd-11eb-b767-3f1a8f1211ba,93.0
2023-02-21T12:21:20.430132,adeef670-4bcd-11eb-b767-3f1a8f1211ba,89.0
2023-02-21T12:31:30.198189,adeef670-4bcd-11eb-b767-3f1a8f1211ba,93.0
2023-02-21T12:40:42.451745,adeef670-4bcd-11eb-b767-3f1a8f1211ba,93.0
2023-02-21T12:50:49.339263,adeef670-4bcd-11eb-b767-3f1a8f1211ba,91.0
2023-02-21T13:00:18.234252,adeef670-4bcd-11eb-b767-3f1a8f1211ba,91.0
2023-02-21T13:10:54.885968,adeef670-4bcd-11eb-b767-3f1a8f1211ba,93.0
2023-02-21T13:21:02.645034,adeef670-4bcd-11eb-b767-3f1a8f1211ba,92.0
2023-02-21T13:31:18.525855,adeef670-4bcd-11eb-b767-3f1a8f1211ba,92.0
2023-02-21T13:41:02.717805,adeef670-4bcd-11eb-b767-3f1a8f1211ba,92.0
2023-02-21T13:50:46.723866,adeef670-4bcd-11eb-b767-3f1a8f1211ba,91.0
2023-02-21T14:00:33.368986,adeef670-4bcd-11eb-b767-3f1a8f1211ba,91.0
2023-02-21T14:10:40.214499,adeef670-4bcd-11eb-b767-3f1a8f1211ba,91.0
2023-02-21T14:20:38.893674,adeef670-4bcd-11eb-b767-3f1a8f1211ba,93.0
2023-02-21T14:30:15.911969,adeef670-4bcd-11eb-b767-3f1a8f1211ba,90.0
2023-02-21T14:40:12.712087,adeef670-4bcd-11eb-b767-3f1a8f1211ba,91.0
2023-02-21T14:50:12.854695,adeef670-4bcd-11eb-b767-3f1a8f1211ba,91.0
2023-02-21T14:59:43.261223,adeef670-4bcd-11eb-b767-3f1a8f1211ba,93.0
2023-02-21T15:09:37.662980,adeef670-4bcd-11eb-b767-3f1a8f1211ba,91.0
2023-02-21T15:19:11.072110,adeef670-4bcd-11eb-b767-3f1a8f1211ba,93.0
2023-02-21T15:29:46.006909,adeef670-4bcd-11eb-b767-3f1a8f1211ba,93.0
2023-02-21T15:39:40.493519,adeef670-4bcd-11eb-b767-3f1a8f1211ba,93.0
2023-02-21T15:49:09.248511,adeef670-4bcd-11eb-b767-3f1a8f1211ba,92.0
2023-02-21T15:58:56.040466,adeef670-4bcd-11eb-b767-3f1a8f1211ba,92.0
2023-02-21T16:08:29.683796,adeef670-4bcd-11eb-b767-3f1a8f1211ba,91.0
2023-02-21T16:17:36.926264,adeef670-4bcd-11eb-b767-3f1a8f1211ba,91.0
2023-02-21T16:27:05.380966,adeef670-4bcd-11eb-b767-3f1a8f1211ba,91.0
2023-02-21T16:36:58.363150,adeef670-4bcd-11eb-b767-3f1a8f1211ba,91.0
2023-02-21T16:47:23.705596,adeef670-4bcd-11eb-b767-3f1a8f1211ba,92.0
2023-02-21T16:56:34.713642,adeef670-4bcd-11eb-b767-3f1a8f1211ba,92.0
2023-02-21T17:06:00.081043,adeef670-4bcd-11eb-b767-3f1a8f1211ba,93.0
2023-02-21T17:15:40.849107,adeef670-4bcd-11eb-b767-3f1a8f1211ba,93.0
2023-02-21T17:24:55.270924,adeef670-4bcd-11eb-b767-3f1a8f1211ba,93.0
2023-02-21T17:34:28.849344,adeef670-4bcd-11eb-b767-3f1a8f1211ba,93.0
2023-02-21T17:44:28.708568,adeef670-4bcd-11eb-b767-3f1a8f1211ba,92.0
2023-02-21T17:53:40.043851,adeef670-4bcd-11eb-b767-3f1a8f1211ba,93.0
2023-02-21T18:03:55.434013,adeef670-4bcd-11eb-b767-3f1a8f1211ba,90.0
2023-02-21T18:13:33.758627,adeef670-4bcd-11eb-b767-3f1a8f1211ba,93.0
2023-02-21T18:23:25.329456,adeef670-4bcd-11eb-b767-3f1a8f1211ba,92.0
2023-02-21T18:33:16.330770,adeef670-4bcd-11eb-b767-3f1a8f1211ba,93.0
2023-02-21T18:42:23.054917,adeef670-4bcd-11eb-b767-3f1a8f1211ba,93.0
2023-02-21T18:52:38.938329,adeef670-4bcd-11eb-b767-3f1a8f1211ba,93.0
2023-02-21T19:02:39.539476,adeef670-4bcd-11eb-b767-3f1a8f1211ba,93.0
2023-02-21T19:12:43.200122,adeef670-4bcd-11eb-b767-3f1a8f1211ba,92.0
2023-02-21T19:22:15.218340,adeef670-4bcd-11eb-b767-3f1a8f1211ba,93.0
2023-02-21T19:31:51.145092,adeef670-4bcd-11eb-b767-3f1a8f1211ba,90.0
2023-02-21T19:41:30.970854,adeef670-4bcd-11eb-b767-3f1a8f1211ba,92.0
2023-02-21T19:51:40.517826,adeef670-4bcd-11eb-b767-3f1a8f1211ba,93.0
2023-02-21T20:02:02.071727,adeef670-4bcd-11eb-b767-3f1a8f1211ba,93.0
2023-02-21T20:11:37.626189,adeef670-4bcd-11eb-b767-3f1a8f1211ba,93.0
2023-02-21T20:22:03.420615,adeef670-4bcd-11eb-b767-3f1a8f1211ba,93.0
2023-02-21T20:31:01.694512,adeef670-4bcd-11eb-b767-3f1a8f1211ba,92.0
2023-02-21T20:40:21.819112,adeef670-4bcd-11eb-b767-3f1a8f1211ba,93.0
2023-02-21T20:49:53.955113,adeef670-4bcd-11eb-b767-3f1a8f1211ba,91.0
2023-02-21T20:59:33.336462,adeef670-4bcd-11eb-b767-3f1a8f1211ba,92.0
2023-02-21T21:09:13.615065,adeef670-4bcd-11eb-b767-3f1a8f1211ba,92.0
2023-02-21T21:19:18.806728,adeef670-4bcd-11eb-b767-3f1a8f1211ba,93.0
2023-02-21T21:29:18.486778,adeef670-4bcd-11eb-b767-3f1a8f1211ba,93.0
2023-02-21T21:39:27.450793,adeef670-4bcd-11eb-b767-3f1a8f1211ba,93.0
2023-02-21T21:49:35.684738,adeef670-4bcd-11eb-b767-3f1a8f1211ba,93.0
2023-02-21T21:58:02.685695,adeef670-4bcd-11eb-b767-3f1a8f1211ba,92.0
2023-02-21T22:07:30.813427,adeef670-4bcd-11eb-b767-3f1a8f1211ba,92.0
2023-02-21T22:16:56.182460,adeef670-4bcd-11eb-b767-3f1a8f1211ba,93.0
2023-02-21T22:26:03.197735,adeef670-4bcd-11eb-b767-3f1a8f1211ba,92.0
2023-02-21T22:35:33.280851,adeef670-4bcd-11eb-b767-3f1a8f1211ba,93.0
2023-02-21T22:45:18.395982,adeef670-4bcd-11eb-b767-3f1a8f1211ba,93.0
2023-02-21T22:55:50.244644,adeef670-4bcd-11eb-b767-3f1a8f1211ba,93.0
2023-02-21T23:05:47.855806,adeef670-4bcd-11eb-b767-3f1a8f1211ba,93.0
2023-02-21T23:15:24.077389,adeef670-4bcd-11eb-b767-3f1a8f1211ba,92.0
2023-02-21T23:24:50.183183,adeef670-4bcd-11eb-b767-3f1a8f1211ba,91.0
2023-02-21T23:33:57.299396,adeef670-4bcd-11eb-b767-3f1a8f1211ba,93.0
2023-02-21T23:44:17.134776,adeef670-4bcd-11eb-b767-3f1a8f1211ba,91.0
2023-02-21T23:53:50.157150,adeef670-4bcd-11eb-b767-3f1a8f1211ba,93.0
2023-02-22T00:03:18.152384,adeef670-4bcd-11eb-b767-3f1a8f1211ba,89.0
2023-02-22T00:12:48.677257,adeef670-4bcd-11eb-b767-3f1a8f1211ba,93.0
2023-02-22T00:23:02.325905,adeef670-4bcd-11eb-b767-3f1a8f1211ba,93.0
2023-02-22T00:32:44.271544,adeef670-4bcd-11eb-b767-3f1a8f1211ba,93.0
2023-02-22T00:42:40.826140,adeef670-4bcd-11eb-b767-3f1a8f1211ba,92.0
2023-02-22T00:53:43.158641,adeef670-4bcd-11eb-b767-3f1a8f1211ba,92.0
2023-02-22T01:03:35.331460,adeef670-4bcd-11eb-b767-3f1a8f1211ba,92.0
2023-02-22T01:13:06.289725,adeef670-4bcd-11eb-b767-3f1a8f1211ba,93.0
2023-02-22T01:22:42.823953,adeef670-4bcd-11eb-b767-3f1a8f1211ba,91.0
2023-02-22T01:32:17.171054,adeef670-4bcd-11eb-b767-3f1a8f1211ba,93.0
2023-02-22T01:41:49.163640,adeef670-4bcd-11eb-b767-3f1a8f1211ba,93.0
2023-02-22T01:51:44.019326,adeef670-4bcd-11eb-b767-3f1a8f1211ba,93.0
2023-02-22T02:01:23.576647,adeef670-4bcd-11eb-b767-3f1a8f1211ba,93.0
2023-02-22T02:11:13.468186,adeef670-4bcd-11eb-b767-3f1a8f1211ba,91.0
2023-02-22T02:21:31.853746,adeef670-4bcd-11eb-b767-3f1a8f1211ba,93.0
2023-02-22T02:30:51.185211,adeef670-4bcd-11eb-b767-3f1a8f1211ba,92.0
2023-02-22T02:40:58.208829,adeef670-4bcd-11eb-b767-3f1a8f1211ba,93.0
2023-02-22T02:50:52.237110,adeef670-4bcd-11eb-b767-3f1a8f1211ba,93.0
2023-02-22T03:00:54.774860,adeef670-4bcd-11eb-b767-3f1a8f1211ba,93.0
2023-02-22T03:10:29.819885,adeef670-4bcd-11eb-b767-3f1a8f1211ba,93.0
2023-02-22T03:20:21.806950,adeef670-4bcd-11eb-b767-3f1a8f1211ba,92.0
2023-02-22T03:29:53.951758,adeef670-4bcd-11eb-b767-3f1a8f1211ba,93.0
2023-02-22T03:39:20.374471,adeef670-4bcd-11eb-b767-3f1a8f1211ba,90.0
2023-02-22T03:49:28.903927,adeef670-4bcd-11eb-b767-3f1a8f1211ba,91.0
2023-02-22T03:59:37.619762,adeef670-4bcd-11eb-b767-3f1a8f1211ba,93.0
2023-02-22T04:09:07.897357,adeef670-4bcd-11eb-b767-3f1a8f1211ba,89.0
2023-02-22T04:18:38.996654,adeef670-4bcd-11eb-b767-3f1a8f1211ba,93.0
2023-02-22T04:28:09.439792,adeef670-4bcd-11eb-b767-3f1a8f1211ba,93.0
2023-02-22T04:37:30.401875,adeef670-4bcd-11eb-b767-3f1a8f1211ba,92.0
2023-02-22T04:47:19.759818,adeef670-4bcd-11eb-b767-3f1a8f1211ba,93.0
2023-02-22T04:57:39.280546,adeef670-4bcd-11eb-b767-3f1a8f1211ba,93.0
2023-02-22T05:07:31.475643,adeef670-4bcd-11eb-b767-3f1a8f1211ba,93.0
2023-02-22T05:17:23.199429,adeef670-4bcd-11eb-b767-3f1a8f1211ba,91.0
2023-02-22T05:26:10.895601,adeef670-4bcd-11eb-b767-3f1a8f1211ba,91.0
2023-02-22T05:36:19.662256,adeef670-4bcd-11eb-b767-3f1a8f1211ba,92.0
2023-02-22T05:45:39.794099,adeef670-4bcd-11eb-b767-3f1a8f1211ba,92.0
2023-02-22T05:54:58.785451,adeef670-4bcd-11eb-b767-3f1a8f1211ba,90.0
2023-02-22T06:04:29.032163,adeef670-4bcd-11eb-b767-3f1a8f1211ba,93.0
2023-02-22T06:13:50.181767,adeef670-4bcd-11eb-b767-3f1a8f1211ba,91.0
2023-02-22T06:24:11.701527,adeef670-4bcd-11eb-b767-3f1a8f1211ba,91.0
2023-02-22T06:33:46.929170,adeef670-4bcd-11eb-b767-3f1a8f1211ba,91.0
2023-02-22T06:43:49.890840,adeef670-4bcd-11eb-b767-3f1a8f1211ba,93.0
2023-02-22T06:53:51.437967,adeef670-4bcd-11eb-b767-3f1a8f1211ba,93.0
2023-02-22T07:03:20.891176,adeef670-4bcd-11eb-b767-3f1a8f1211ba,91.0
2023-02-22T07:13:06.945337,adeef670-4bcd-11eb-b767-3f1a8f1211ba,93.0
2023-02-22T07:22:46.283483,adeef670-4bcd-11eb-b767-3f1a8f1211ba,91.0
2023-02-22T07:32:53.372842,adeef670-4bcd-11eb-b767-3f1a8f1211ba,92.0
2023-02-22T07:42:19.206886,adeef670-4bcd-11eb-b767-3f1a8f1211ba,91.0
2023-02-22T07:52:15.630596,adeef670-4bcd-11eb-b767-3f1a8f1211ba,91.0
2023-02-22T08:01:50.092459,adeef670-4bcd-11eb-b767-3f1a8f1211ba,91.0
2023-02-22T08:11:21.968762,adeef670-4bcd-11eb-b767-3f1a8f1211ba,93.0
2023-02-22T08:20:53.911721,adeef670-4bcd-11eb-b767-3f1a8f1211ba,93.0
2023-02-22T08:30:05.517130,adeef670-4bcd-11eb-b767-3f1a8f1211ba,92.0
2023-02-22T08:39:27.442686,adeef670-4bcd-11eb-b767-3f1a8f1211ba,92.0
2023-02-22T08:49:25.506221,adeef670-4bcd-11eb-b767-3f1a8f1211ba,92.0
2023-02-22T08:59:17.231147,adeef670-4bcd-11eb-b767-3f1a8f1211ba,92.0
2023-02-22T09:08:51.107157,adeef670-4bcd-11eb-b767-3f1a8f1211ba,92.0
2023-02-22T09:18:14.781098,adeef670-4bcd-11eb-b767-3f1a8f1211ba,93.0
2023-02-22T09:28:01.642145,adeef670-4bcd-11eb-b767-3f1a8f1211ba,91.0
2023-02-22T09:38:11.413457,adeef670-4bcd-11eb-b767-3f1a8f1211ba,93.0
2023-02-22T09:48:18.378757,adeef670-4bcd-11eb-b767-3f1a8f1211ba,93.0
2023-02-22T09:57:58.289860,adeef670-4bcd-11eb-b767-3f1a8f1211ba,91.0
2023-02-22T10:08:08.822721,adeef670-4bcd-11eb-b767-3f1a8f1211ba,93.0
2023-02-22T10:17:39.555938,adeef670-4bcd-11eb-b767-3f1a8f1211ba,93.0
2023-02-22T10:27:29.289049,adeef670-4bcd-11eb-b767-3f1a8f1211ba,93.0
2023-02-22T10:37:16.323760,adeef670-4bcd-11eb-b767-3f1a8f1211ba,92.0
2023-02-22T10:47:27.903905,adeef670-4bcd-11eb-b767-3f1a8f1211ba,92.0
2023-02-22T10:56:41.028283,adeef670-4bcd-11eb-b767-3f1a8f1211ba,92.0
2023-02-22T11:05:50.712497,adeef670-4bcd-11eb-b767-3f1a8f1211ba,92.0
2023-02-22T11:15:18.172460,adeef670-4bcd-11eb-b767-3f1a8f1211ba,92.0
2023-02-22T11:25:02.803475,adeef670-4bcd-11eb-b767-3f1a8f1211ba,93.0
2023-02-22T11:33:50.503314,adeef670-4bcd-11eb-b767-3f1a8f1211ba,88.0
2023-02-22T11:43:54.599109,adeef670-4bcd-11eb-b767-3f1a8f1211ba,93.0
2023-02-22T11:53:48.796490,adeef670-4bcd-11eb-b767-3f1a8f1211ba,93.0
2023-02-22T12:03:45.396606,adeef670-4bcd-11eb-b767-3f1a8f1211ba,93.0
2023-02-22T12:13:47.050161,adeef670-4bcd-11eb-b767-3f1a8f1211ba,92.0
2023-02-22T12:23:44.041348,adeef670-4bcd-11eb-b767-3f1a8f1211ba,93.0
2023-02-22T12:33:35.353605,adeef670-4bcd-11eb-b767-3f1a8f1211ba,92.0
2023-02-22T12:42:54.028186,adeef670-4bcd-11eb-b767-3f1a8f1211ba,91.0
2023-02-22T12:52:26.571881,adeef670-4bcd-11eb-b767-3f1a8f1211ba,93.0
2023-02-22T13:01:43.653711,adeef670-4bcd-11eb-b767-3f1a8f1211ba,91.0
2023-02-22T13:11:53.888418,adeef670-4bcd-11eb-b767-3f1a8f1211ba,91.0
2023-02-22T13:22:00.591264,adeef670-4bcd-11eb-b767-3f1a8f1211ba,93.0
2023-02-22T13:31:47.453702,adeef670-4bcd-11eb-b767-3f1a8f1211ba,93.0
2023-02-22T13:41:55.687692,adeef670-4bcd-11eb-b767-3f1a8f1211ba,92.0
2023-02-22T13:51:28.773115,adeef670-4bcd-11eb-b767-3f1a8f1211ba,93.0
2023-02-22T14:01:04.652468,adeef670-4bcd-11eb-b767-3f1a8f1211ba,93.0
2023-02-22T14:10:49.825535,adeef670-4bcd-11eb-b767-3f1a8f1211ba,91.0
2023-02-22T14:20:35.934728,adeef670-4bcd-11eb-b767-3f1a8f1211ba,91.0
2023-02-22T14:30:28.357209,adeef670-4bcd-11eb-b767-3f1a8f1211ba,92.0
2023-02-22T14:39:29.865856,adeef670-4bcd-11eb-b767-3f1a8f1211ba,93.0
2023-02-22T14:48:10.867120,adeef670-4bcd-11eb-b767-3f1a8f1211ba,92.0
2023-02-22T14:58:10.538661,adeef670-4bcd-11eb-b767-3f1a8f1211ba,93.0
2023-02-22T15:07:51.818354,adeef670-4bcd-11eb-b767-3f1a8f1211ba,91.0
2023-02-22T15:17:29.639140,adeef670-4bcd-11eb-b767-3f1a8f1211ba,92.0
2023-02-22T15:26:52.350032,adeef670-4bcd-11eb-b767-3f1a8f1211ba,92.0
2023-02-22T15:36:26.403850,adeef670-4bcd-11eb-b767-3f1a8f1211ba,90.0
2023-02-22T15:46:05.728175,adeef670-4bcd-11eb-b767-3f1a8f1211ba,91.0
2023-02-22T15:55:34.164408,adeef670-4bcd-11eb-b767-3f1a8f1211ba,91.0
2023-02-22T16:05:22.340302,adeef670-4bcd-11eb-b767-3f1a8f1211ba,93.0
2023-02-22T16:15:05.949703,adeef670-4bcd-11eb-b767-3f1a8f1211ba,93.0
2023-02-22T16:25:04.340929,adeef670-4bcd-11eb-b767-3f1a8f1211ba,93.0
2023-02-22T16:34:47.761855,adeef670-4bcd-11eb-b767-3f1a8f1211ba,93.0
2023-02-22T16:44:42.401268,adeef670-4bcd-11eb-b767-3f1a8f1211ba,92.0
2023-02-22T16:54:39.539723,adeef670-4bcd-11eb-b767-3f1a8f1211ba,93.0
2023-02-22T17:03:56.969469,adeef670-4bcd-11eb-b767-3f1a8f1211ba,93.0
2023-02-22T17:14:01.417073,adeef670-4bcd-11eb-b767-3f1a8f1211ba,93.0
2023-02-22T17:23:29.841163,adeef670-4bcd-11eb-b767-3f1a8f1211ba,93.0
2023-02-22T17:33:42.184836,adeef670-4bcd-11eb-b767-3f1a8f1211ba,92.0
2023-02-22T17:43:44.158395,adeef670-4bcd-11eb-b767-3f1a8f1211ba,92.0
2023-02-22T17:53:52.305327,adeef670-4bcd-11eb-b767-3f1a8f1211ba,92.0
2023-02-22T18:03:27.573126,adeef670-4bcd-11eb-b767-3f1a8f1211ba,93.0
2023-02-22T18:13:25.804873,adeef670-4bcd-11eb-b767-3f1a8f1211ba,93.0
2023-02-22T18:23:53.643638,adeef670-4bcd-11eb-b767-3f1a8f1211ba,91.0
2023-02-22T18:33:13.128692,adeef670-4bcd-11eb-b767-3f1a8f1211ba,93.0
2023-02-22T18:43:07.992699,adeef670-4bcd-11eb-b767-3f1a8f1211ba,93.0
2023-02-22T18:52:20.322807,adeef670-4bcd-11eb-b767-3f1a8f1211ba,91.0
2023-02-22T19:02:04.168806,adeef670-4bcd-11eb-b767-3f1a8f1211ba,93.0
2023-02-22T19:12:07.730470,adeef670-4bcd-11eb-b767-3f1a8f1211ba,92.0
2023-02-22T19:22:08.509185,adeef670-4bcd-11eb-b767-3f1a8f1211ba,93.0
2023-02-22T19:32:29.038365,adeef670-4bcd-11eb-b767-3f1a8f1211ba,93.0
2023-02-22T19:42:09.268732,adeef670-4bcd-11eb-b767-3f1a8f1211ba,91.0
2023-02-22T19:51:32.439750,adeef670-4bcd-11eb-b767-3f1a8f1211ba,91.0
2023-02-22T20:01:36.849029,adeef670-4bcd-11eb-b767-3f1a8f1211ba,92.0
2023-02-22T20:11:19.171541,adeef670-4bcd-11eb-b767-3f1a8f1211ba,92.0
2023-02-22T20:20:50.039411,adeef670-4bcd-11eb-b767-3f1a8f1211ba,92.0
2023-02-22T20:30:39.671999,adeef670-4bcd-11eb-b767-3f1a8f1211ba,91.0
2023-02-22T20:40:21.102586,adeef670-4bcd-11eb-b767-3f1a8f1211ba,93.0
2023-02-22T20:49:31.832006,adeef670-4bcd-11eb-b767-3f1a8f1211ba,92.0
2023-02-22T20:58:46.547947,adeef670-4bcd-11eb-b767-3f1a8f1211ba,92.0
2023-02-22T21:08:31.993369,adeef670-4bcd-11eb-b767-3f1a8f1211ba,92.0
2023-02-22T21:17:35.982961,adeef670-4bcd-11eb-b767-3f1a8f1211ba,93.0
2023-02-22T21:27:09.281086,adeef670-4bcd-11eb-b767-3f1a8f1211ba,93.0
2023-02-22T21:36:51.948714,adeef670-4bcd-11eb-b767-3f1a8f1211ba,93.0
2023-02-22T21:46:37.055025,adeef670-4bcd-11eb-b767-3f1a8f1211ba,93.0
2023-02-22T21:56:00.503187,adeef670-4bcd-11eb-b767-3f1a8f1211ba,92.0
2023-02-22T22:05:49.905396,adeef670-4bcd-11eb-b767-3f1a8f1211ba,93.0
2023-02-22T22:15:29.465181,adeef670-4bcd-11eb-b767-3f1a8f1211ba,93.0
2023-02-22T22:25:47.006160,adeef670-4bcd-11eb-b767-3f1a8f1211ba,93.0
2023-02-22T22:34:34.368060,adeef670-4bcd-11eb-b767-3f1a8f1211ba,93.0
2023-02-22T22:44:36.485972,adeef670-4bcd-11eb-b767-3f1a8f1211ba,92.0
2023-02-22T22:55:04.743096,adeef670-4bcd-11eb-b767-3f1a8f1211ba,90.0
2023-02-22T23:04:49.328082,adeef670-4bcd-11eb-b767-3f1a8f1211ba,93.0
2023-02-22T23:14:11.919797,adeef670-4bcd-11eb-b767-3f1a8f1211ba,91.0
2023-02-22T23:24:11.578277,adeef670-4bcd-11eb-b767-3f1a8f1211ba,91.0
2023-02-22T23:34:13.960561,adeef670-4bcd-11eb-b767-3f1a8f1211ba,93.0
2023-02-22T23:43:25.592489,adeef670-4bcd-11eb-b767-3f1a8f1211ba,93.0
2023-02-22T23:53:35.438922,adeef670-4bcd-11eb-b767-3f1a8f1211ba,93.0
2023-02-23T00:02:54.679399,adeef670-4bcd-11eb-b767-3f1a8f1211ba,89.0
2023-02-23T00:12:12.518702,adeef670-4bcd-11eb-b767-3f1a8f1211ba,91.0
2023-02-23T00:22:22.280296,adeef670-4bcd-11eb-b767-3f1a8f1211ba,93.0
2023-02-23T00:31:29.424982,adeef670-4bcd-11eb-b767-3f1a8f1211ba,90.0
2023-02-23T00:40:47.526570,adeef670-4bcd-11eb-b767-3f1a8f1211ba,91.0
2023-02-23T00:50:43.824529,adeef670-4bcd-11eb-b767-3f1a8f1211ba,93.0
2023-02-23T01:00:10.704341,adeef670-4bcd-11eb-b767-3f1a8f1211ba,89.0
2023-02-23T01:10:19.976008,adeef670-4bcd-11eb-b767-3f1a8f1211ba,92.0
2023-02-23T01:19:42.447396,adeef670-4bcd-11eb-b767-3f1a8f1211ba,91.0
2023-02-23T01:29:23.907679,adeef670-4bcd-11eb-b767-3f1a8f1211ba,93.0
2023-02-23T01:39:13.334884,adeef670-4bcd-11eb-b767-3f1a8f1211ba,92.0
2023-02-23T01:48:32.469698,adeef670-4bcd-11eb-b767-3f1a8f1211ba,93.0
2023-02-23T01:57:59.645987,adeef670-4bcd-11eb-b767-3f1a8f1211ba,90.0
2023-02-23T02:07:23.895402,adeef670-4bcd-11eb-b767-3f1a8f1211ba,93.0
2023-02-23T02:16:54.641561,adeef670-4bcd-11eb-b767-3f1a8f1211ba,92.0
2023-02-23T02:26:27.712574,adeef670-4bcd-11eb-b767-3f1a8f1211ba,92.0
2023-02-23T02:36:12.536348,adeef670-4bcd-11eb-b767-3f1a8f1211ba,92.0
2023-02-23T02:46:26.025612,adeef670-4bcd-11eb-b767-3f1a8f1211ba,92.0
2023-02-23T02:55:56.270937,adeef670-4bcd-11eb-b767-3f1a8f1211ba,92.0
2023-02-23T03:05:32.535122,adeef670-4bcd-11eb-b767-3f1a8f1211ba,93.0
2023-02-23T03:15:07.390097,adeef670-4bcd-11eb-b767-3f1a8f1211ba,93.0
2023-02-23T03:24:36.523521,adeef670-4bcd-11eb-b767-3f1a8f1211ba,93.0
2023-02-23T03:34:08.422417,adeef670-4bcd-11eb-b767-3f1a8f1211ba,93.0
2023-02-23T03:43:28.554593,adeef670-4bcd-11eb-b767-3f1a8f1211ba,92.0
2023-02-23T03:53:33.731396,adeef670-4bcd-11eb-b767-3f1a8f1211ba,90.0
2023-02-23T04:03:04.995574,adeef670-4bcd-11eb-b767-3f1a8f1211ba,91.0
2023-02-23T04:13:32.499544,adeef670-4bcd-11eb-b767-3f1a8f1211ba,93.0
2023-02-23T04:23:07.245824,adeef670-4bcd-11eb-b767-3f1a8f1211ba,93.0
2023-02-23T04:32:57.224671,adeef670-4bcd-11eb-b767-3f1a8f1211ba,93.0
2023-02-23T04:42:57.881078,adeef670-4bcd-11eb-b767-3f1a8f1211ba,91.0
2023-02-23T04:53:23.873928,adeef670-4bcd-11eb-b767-3f1a8f1211ba,93.0
2023-02-23T05:03:45.090941,adeef670-4bcd-11eb-b767-3f1a8f1211ba,92.0
2023-02-23T05:13:38.640069,adeef670-4bcd-11eb-b767-3f1a8f1211ba,93.0
2023-02-23T05:22:56.449306,adeef670-4bcd-11eb-b767-3f1a8f1211ba,93.0
2023-02-23T05:32:58.246090,adeef670-4bcd-11eb-b767-3f1a8f1211ba,93.0
2023-02-23T05:43:07.513339,adeef670-4bcd-11eb-b767-3f1a8f1211ba,91.0
2023-02-23T05:52:34.807413,adeef670-4bcd-11eb-b767-3f1a8f1211ba,93.0
2023-02-23T06:02:11.506926,adeef670-4bcd-11eb-b767-3f1a8f1211ba,93.0
2023-02-23T06:12:20.903131,adeef670-4bcd-11eb-b767-3f1a8f1211ba,91.0
2023-02-23T06:22:25.788438,adeef670-4bcd-11eb-b767-3f1a8f1211ba,93.0
2023-02-23T06:31:59.226353,adeef670-4bcd-11eb-b767-3f1a8f1211ba,92.0
2023-02-23T06:42:32.034081,adeef670-4bcd-11eb-b767-3f1a8f1211ba,93.0
2023-02-23T06:52:17.191144,adeef670-4bcd-11eb-b767-3f1a8f1211ba,90.0
2023-02-23T07:01:45.288814,adeef670-4bcd-11eb-b767-3f1a8f1211ba,88.0
2023-02-23T07:11:15.562645,adeef670-4bcd-11eb-b767-3f1a8f1211ba,93.0
2023-02-23T07:21:04.048751,adeef670-4bcd-11eb-b767-3f1a8f1211ba,91.0
2023-02-23T07:31:21.994905,adeef670-4bcd-11eb-b767-3f1a8f1211ba,93.0
2023-02-23T07:41:04.950311,adeef670-4bcd-11eb-b767-3f1a8f1211ba,93.0
2023-02-23T07:50:57.804176,adeef670-4bcd-11eb-b767-3f1a8f1211ba,93.0
2023-02-23T08:00:55.170062,adeef670-4bcd-11eb-b767-3f1a8f1211ba,92.0
2023-02-23T08:10:11.247561,adeef670-4bcd-11eb-b767-3f1a8f1211ba,93.0
2023-02-23T08:19:29.625407,adeef670-4bcd-11eb-b767-3f1a8f1211ba,91.0
2023-02-23T08:28:31.104327,adeef670-4bcd-11eb-b767-3f1a8f1211ba,93.0
2023-02-23T08:37:58.422927,adeef670-4bcd-11eb-b767-3f1a8f1211ba,91.0
2023-02-23T08:48:18.752035,adeef670-4bcd-11eb-b767-3f1a8f1211ba,93.0
2023-02-23T08:57:37.278835,adeef670-4bcd-11eb-b767-3f1a8f1211ba,93.0
2023-02-23T09:07:10.690038,adeef670-4bcd-11eb-b767-3f1a8f1211ba,91.0
2023-02-23T09:17:05.149666,adeef670-4bcd-11eb-b767-3f1a8f1211ba,93.0
2023-02-23T09:26:49.533805,adeef670-4bcd-11eb-b767-3f1a8f1211ba,93.0
2023-02-23T09:36:46.063640,adeef670-4bcd-11eb-b767-3f1a8f1211ba,93.0
2023-02-23T09:46:07.809007,adeef670-4bcd-11eb-b767-3f1a8f1211ba,86.0
2023-02-23T09:56:36.414121,adeef670-4bcd-11eb-b767-3f1a8f1211ba,93.0
2023-02-23T10:06:08.053535,adeef670-4bcd-11eb-b767-3f1a8f1211ba,93.0
2023-02-23T10:16:17.891036,adeef670-4bcd-11eb-b767-3f1a8f1211ba,92.0
2023-02-23T10:26:00.646473,adeef670-4bcd-11eb-b767-3f1a8f1211ba,93.0
2023-02-23T10:34:32.920803,adeef670-4bcd-11eb-b767-3f1a8f1211ba,91.0
2023-02-23T10:41:39.025034,adeef670-4bcd-11eb-b767-3f1a8f1211ba,92.0
2023-02-23T10:50:02.955050,adeef670-4bcd-11eb-b767-3f1a8f1211ba,92.0
2023-02-23T10:56:48.864153,adeef670-4bcd-11eb-b767-3f1a8f1211ba,87.0
2023-02-23T11:04:50.392219,adeef670-4bcd-11eb-b767-3f1a8f1211ba,88.0
2023-02-23T11:14:45.202282,adeef670-4bcd-11eb-b767-3f1a8f1211ba,93.0
2023-02-23T11:24:28.781451,adeef670-4bcd-11eb-b767-3f1a8f1211ba,91.0
2023-02-23T11:33:47.153992,adeef670-4bcd-11eb-b767-3f1a8f1211ba,91.0
2023-02-23T11:43:45.090226,adeef670-4bcd-11eb-b767-3f1a8f1211ba,93.0
2023-02-23T11:53:10.828079,adeef670-4bcd-11eb-b767-3f1a8f1211ba,91.0
2023-02-23T12:02:55.852075,adeef670-4bcd-11eb-b767-3f1a8f1211ba,93.0
2023-02-23T12:12:22.726553,adeef670-4bcd-11eb-b767-3f1a8f1211ba,93.0
2023-02-23T12:21:40.315066,adeef670-4bcd-11eb-b767-3f1a8f1211ba,92.0
2023-02-23T12:32:17.645141,adeef670-4bcd-11eb-b767-3f1a8f1211ba,93.0
2023-02-23T12:42:08.672492,adeef670-4bcd-11eb-b767-3f1a8f1211ba,93.0
2023-02-23T12:51:34.736083,adeef670-4bcd-11eb-b767-3f1a8f1211ba,93.0
2023-02-23T13:01:31.637723,adeef670-4bcd-11eb-b767-3f1a8f1211ba,93.0
2023-02-23T13:11:09.775202,adeef670-4bcd-11eb-b767-3f1a8f1211ba,92.0
2023-02-23T13:20:45.036394,adeef670-4bcd-11eb-b767-3f1a8f1211ba,93.0
2023-02-23T13:30:16.278683,adeef670-4bcd-11eb-b767-3f1a8f1211ba,93.0
2023-02-23T13:40:11.976405,adeef670-4bcd-11eb-b767-3f1a8f1211ba,93.0
2023-02-23T13:49:42.796503,adeef670-4bcd-11eb-b767-3f1a8f1211ba,93.0
2023-02-23T13:59:03.983858,adeef670-4bcd-11eb-b767-3f1a8f1211ba,91.0
2023-02-23T14:09:12.613526,adeef670-4bcd-11eb-b767-3f1a8f1211ba,93.0
2023-02-23T14:18:59.679543,adeef670-4bcd-11eb-b767-3f1a8f1211ba,92.0
2023-02-23T14:29:09.531842,adeef670-4bcd-11eb-b767-3f1a8f1211ba,93.0
2023-02-23T14:39:14.275698,adeef670-4bcd-11eb-b767-3f1a8f1211ba,93.0
2023-02-23T14:49:26.546652,adeef670-4bcd-11eb-b767-3f1a8f1211ba,93.0
2023-02-23T14:59:35.251172,adeef670-4bcd-11eb-b767-3f1a8f1211ba,92.0
2023-02-23T15:08:54.179972,adeef670-4bcd-11eb-b767-3f1a8f1211ba,93.0
2023-02-23T15:18:52.410873,adeef670-4bcd-11eb-b767-3f1a8f1211ba,93.0
2023-02-23T15:29:07.083023,adeef670-4bcd-11eb-b767-3f1a8f1211ba,93.0
2023-02-23T15:38:46.015343,adeef670-4bcd-11eb-b767-3f1a8f1211ba,93.0
2023-02-23T15:48:26.234028,adeef670-4bcd-11eb-b767-3f1a8f1211ba,92.0
2023-02-23T15:57:55.306860,adeef670-4bcd-11eb-b767-3f1a8f1211ba,90.0
2023-02-23T16:07:59.009555,adeef670-4bcd-11eb-b767-3f1a8f1211ba,93.0
2023-02-23T16:17:59.261175,adeef670-4bcd-11eb-b767-3f1a8f1211ba,91.0
2023-02-23T16:28:07.813657,adeef670-4bcd-11eb-b767-3f1a8f1211ba,93.0
2023-02-23T16:38:13.469411,adeef670-4bcd-11eb-b767-3f1a8f1211ba,91.0
2023-02-23T16:48:01.006716,adeef670-4bcd-11eb-b767-3f1a8f1211ba,93.0
2023-02-23T16:57:53.298488,adeef670-4bcd-11eb-b767-3f1a8f1211ba,93.0
2023-02-23T17:07:39.572743,adeef670-4bcd-11eb-b767-3f1a8f1211ba,92.0
2023-02-23T17:17:14.402930,adeef670-4bcd-11eb-b767-3f1a8f1211ba,90.0
2023-02-23T17:26:47.691339,adeef670-4bcd-11eb-b767-3f1a8f1211ba,91.0
2023-02-23T17:35:59.206525,adeef670-4bcd-11eb-b767-3f1a8f1211ba,93.0
2023-02-23T17:46:22.249609,adeef670-4bcd-11eb-b767-3f1a8f1211ba,93.0
2023-02-23T17:55:56.673943,adeef670-4bcd-11eb-b767-3f1a8f1211ba,91.0
2023-02-23T18:05:07.465622,adeef670-4bcd-11eb-b767-3f1a8f1211ba,93.0
2023-02-23T18:14:46.481949,adeef670-4bcd-11eb-b767-3f1a8f1211ba,93.0
2023-02-23T18:24:04.174287,adeef670-4bcd-11eb-b767-3f1a8f1211ba,93.0
2023-02-23T18:33:28.062510,adeef670-4bcd-11eb-b767-3f1a8f1211ba,91.0
2023-02-23T18:43:11.715447,adeef670-4bcd-11eb-b767-3f1a8f1211ba,91.0
2023-02-23T18:53:27.052123,adeef670-4bcd-11eb-b767-3f1a8f1211ba,91.0
2023-02-23T19:03:13.464483,adeef670-4bcd-11eb-b767-3f1a8f1211ba,90.0
2023-02-23T19:12:58.958599,adeef670-4bcd-11eb-b767-3f1a8f1211ba,93.0
2023-02-23T19:22:35.585709,adeef670-4bcd-11eb-b767-3f1a8f1211ba,89.0
2023-02-23T19:31:58.475888,adeef670-4bcd-11eb-b767-3f1a8f1211ba,91.0
2023-02-23T19:41:15.495117,adeef670-4bcd-11eb-b767-3f1a8f1211ba,93.0
2023-02-23T19:50:56.236159,adeef670-4bcd-11eb-b767-3f1a8f1211ba,90.0
